,,,,,,,,,,,,,
,,,,,,,,,,,,,
 Veh 1 Color, Veh 1 Speed, Veh 1 Distance, Veh 1 Deviation, Veh 1 Integral, Veh 1 Derivative, Veh 1 Angle, Veh 2 Color, Veh 2 Speed, Veh 2 Distance, Veh 2 Deviation, Veh 2 Integral, Veh 2 Derivative, Veh 2 Angle
44,90.5,1854,6.5,0,6.5,5.85,41,90,321,1,0,1,1.1
49,91,1848,11.5,11.5,5,8.25,52,90,326,12,12,11,13.9
52,91.5,1824,14.5,26,3,9.9,38,90,326,-2,0,-14,-8.2
53,92,1791,15.5,41.5,1,10.85,30,90,326,-10,-10,-8,-11
26,92.5,1791,-11.5,0,-27,-18.1,50,90,321,10,0,20,16
43,93,1791,5.5,0,17,10.7,38,94.5,424,-2,0,-12,-7.2
51,93.5,1740,13.5,13.5,8,10.75,31,99.225,424,-9,0,-7,-8.9
46,94,1761,8.5,0,-5,0.9,47,104.18625,424,7,0,16,12.2
52,94.5,1761,14.5,14.5,6,10.25,43,109.3955625,424,3,0,-4,-0.2
67,95,1761,29.5,44,15,23.7,34,114.8653406,376,-6,0,-9,-8.1
67,95.5,1700,29.5,73.5,0,19.15,39,120.6086077,348,-1,0,5,1.9
55,96,1555,17.5,91,-12,10.1,41,90,326,1,0,2,1.6
57,96.5,1597,19.5,110.5,2,19.85,40,90,326,0,0,-1,-0.5
58,97,1657,20.5,131,1,21.8,43,90,326,3,0,3,3.3
54,97.5,1649,16.5,147.5,-4,19.35,39,90,326,-1,0,-4,-2.6
55,98,2550,17.5,165,1,24,36,90,326,-4,0,-3,-3.9
44,98.5,2550,6.5,0,-11,-2.9,38,90,326,-2,0,2,-0.2
47,99,2550,9.5,0,3,5.3,41,90,326,1,0,3,2.1
70,99.5,1542,32.5,32.5,23,27.75,40,94.5,800,0,0,-1,-0.5
74,100,736,36.5,69,4,23.5,39,99.225,792,-1,0,-1,-1.1
75,100.5,1498,37.5,106.5,1,26.15,43,104.18625,786,3,0,4,3.8
26,101,2550,-11.5,0,-49,-29.1,43,109.3955625,789,3,0,0,1.8
34,101.5,2550,-3.5,0,8,2.6,40,114.8653406,839,0,0,-3,-1.5
67,102,1015,29.5,0,33,28.3,35,120.6086077,816,-5,0,-5,-5.5
61,102.5,2550,23.5,23.5,-6,8.75,44,126.639038,780,4,0,9,6.9
54,103,2550,16.5,40,-7,7.1,42,90,326,2,0,-2,0.2
55,103.5,2550,17.5,57.5,1,13.25,41,90,326,1,0,-1,0.1
56,104,2550,18.5,76,1,15.5,39,90,326,-1,0,-2,-1.6
56,104.5,2550,18.5,94.5,0,16.85,41,90,326,1,0,2,1.6
55,105,2550,17.5,112,-1,17.7,43,90,326,3,0,2,2.8
58,105.5,899,20.5,132.5,3,22.95,42,94.5,764,2,0,-1,0.7
61,106,2550,23.5,156,3,26.5,47,99.225,756,7,0,5,6.7
61,106.5,2550,23.5,179.5,0,27.35,35,104.18625,772,-5,0,-12,-9
57,107,2550,19.5,199,-4,25.7,37,109.3955625,772,-3,0,2,-0.8
53,107.5,2550,15.5,214.5,-4,25.65,50,114.8653406,772,10,0,13,12.5
41,108,2550,3.5,0,-12,-4.6,33,120.6086077,772,-7,0,-17,-12.7
39,108.5,1890,1.5,0,-2,-0.4,41,126.639038,772,1,0,8,4.6
52,109,2550,14.5,14.5,13,13.75,39,132.9709899,537,-1,0,-2,-1.6
58,109.5,2550,20.5,35,6,14.7,33,139.6195394,2550,-7,0,-6,-7.2
56,110,2550,18.5,53.5,-2,11.75,57,146.6005164,2550,17,0,24,22.2
54,110.5,2550,16.5,70,-2,12.6,34,153.9305422,2550,-6,0,-23,-15.1
33,111,2550,-4.5,0,-21,-12.3,24,161.6270693,2550,-16,-16,-10,-16.2
35,111.5,2550,-2.5,0,2,0,50,90,326,10,0,26,19
46,112,2550,8.5,0,11,8.9,57,90,326,17,17,7,15.4
43,112.5,2550,5.5,0,-3,0.7,32,94.5,2550,-8,0,-25,-17.3
43,113,2550,5.5,0,0,2.2,40,99.225,2550,0,0,8,4
39,113.5,2550,1.5,0,-4,-1.4,51,104.18625,1988,11,11,11,13.2
39,114,2550,1.5,0,0,0.6,36,109.3955625,1849,-4,0,-15,-9.9
39,114.5,2550,1.5,0,0,0.6,38,114.8653406,1910,-2,0,2,-0.2
39,115,2550,1.5,0,0,0.6,40,120.6086077,1912,0,0,2,1
39,115.5,2550,1.5,0,0,0.6,36,126.639038,1805,-4,0,-4,-4.4
42,90,357,4.5,0,3,3.3,43,132.9709899,1856,3,0,7,5.3
39,90,334,1.5,0,-3,-0.9,42,139.6195394,1843,2,0,-1,0.7
38,90,326,0.5,0,-1,-0.3,36,146.6005164,1762,-4,0,-6,-5.4
38,90,321,0.5,0,0,0.2,42,153.9305422,1762,2,0,6,4.2
41,90,326,3.5,0,3,2.9,33,161.6270693,1762,-7,0,-9,-8.7
44,90.5,2550,6.5,0,3,4.1,52,165,1762,12,0,19,16.7
27,91,2550,-10.5,0,-17,-12.7,61,165,1762,21,21,9,19.2
27,91.5,2550,-10.5,-10.5,0,-5.25,78,165,1762,38,59,17,37.2
41,92,2550,3.5,0,14,8.4,67,165,1762,27,86,-11,19.3
42,92.5,2550,4.5,0,1,2.3,62,165,348,22,108,-5,21.5
38,93,2550,0.5,0,-4,-1.8,69,90,2550,29,137,7,34.6
33,93.5,2550,-4.5,0,-5,-4.3,71,90,2550,31,168,2,36.4
34,94,2550,-3.5,0,1,-0.9,35,90,2550,-5,0,-36,-21
37,94.5,2550,-0.5,0,3,1.3,63,94.5,2550,23,0,28,27.8
39,95,2550,1.5,0,2,1.6,78,99.225,2550,38,38,15,34.1
40,95.5,2550,2.5,0,1,1.5,64,104.18625,1511,24,62,-14,13.6
38,96,2550,0.5,0,-2,-0.8,42,109.3955625,2550,2,0,-22,-9.8
44,96.5,2550,6.5,0,6,5.6,51,114.8653406,2550,11,11,9,12.2
38,97,2550,0.5,0,-6,-2.8,62,120.6086077,2550,22,33,11,22
31,97.5,2550,-6.5,0,-7,-6.1,40,126.639038,2550,0,0,-22,-11
38,98,2550,0.5,0,7,3.7,55,132.9709899,2550,15,15,15,18
39,98.5,2550,1.5,0,1,1.1,65,139.6195394,2550,25,40,10,24
33,99,2550,-4.5,0,-6,-4.8,65,146.6005164,2550,25,65,0,21.5
35,99.5,2550,-2.5,0,2,0,65,153.9305422,2550,25,90,0,24
44,100,2550,6.5,0,9,7.1,66,161.6270693,2550,26,116,1,27.7
45,100.5,2550,7.5,0,1,3.5,72,90,2550,32,148,6,37
29,101,2550,-8.5,0,-16,-11.4,69,90,2550,29,177,-3,33.6
37,101.5,2550,-0.5,0,8,3.8,64,90,2550,24,201,-5,32
42,102,2550,4.5,0,5,4.3,38,90,2550,-2,0,-26,-14.2
31,102.5,2550,-6.5,0,-11,-8.1,47,94.5,2550,7,0,9,8.7
33,103,2550,-4.5,0,2,-0.8,57,99.225,2550,17,17,10,16.9
41,103.5,2550,3.5,0,8,5.4,57,104.18625,643,17,34,0,13.6
36,104,2550,-1.5,0,-5,-3.1,57,109.3955625,632,17,51,0,15.3
33,104.5,1709,-4.5,0,-3,-3.3,37,114.8653406,654,-3,0,-20,-11.8
40,105,2550,2.5,0,7,4.5,56,120.6086077,626,16,0,19,19.1
45,105.5,2550,7.5,0,5,5.5,57,126.639038,624,17,17,1,12.4
38,106,1694,0.5,0,-7,-3.3,28,132.9709899,624,-12,0,-29,-21.7
36,106.5,2550,-1.5,0,-2,-1.6,49,139.6195394,617,9,0,21,15.9
41,107,1957,3.5,0,5,3.9,44,146.6005164,607,4,0,-5,-0.1
42,107.5,2550,4.5,0,1,2.3,43,153.9305422,598,3,0,-1,1.3
34,108,2550,-3.5,0,-8,-5.4,41,161.6270693,607,1,0,-2,-0.4
36,108.5,2550,-1.5,0,2,0.4,40,165,609,0,0,-1,-0.5
38,109,2550,0.5,0,2,1.2,46,165,563,6,0,6,6.6
40,109.5,2550,2.5,0,2,2,35,165,357,-5,0,-11,-8.5
42,110,2550,4.5,0,2,2.8,40,165,553,0,0,5,2.5
37,110.5,2550,-0.5,0,-5,-2.7,48,165,537,8,0,8,8.8
38,111,2550,0.5,0,1,0.7,35,165,525,-5,0,-13,-9.5
38,111.5,2550,0.5,0,0,0.2,39,165,518,-1,0,4,1.4
43,112,2550,5.5,0,5,4.7,48,90,326,8,0,9,9.3
56,112.5,2550,18.5,18.5,13,15.75,57,94.5,491,17,17,9,16.4
48,113,2550,10.5,29,-8,3.1,11,99.225,504,-29,0,-46,-40.4
43,113.5,2550,5.5,0,-5,-0.3,34,104.18625,498,-6,0,23,7.9
58,114,2550,20.5,20.5,15,17.75,63,109.3955625,500,23,0,29,28.3
61,90,391,23.5,44,3,15.3,32,114.8653406,510,-8,0,-31,-20.3
61,90,383,23.5,67.5,0,16.15,25,120.6086077,500,-15,-15,-7,-14
56,90.5,1265,18.5,86,-5,13.5,62,126.639038,490,22,0,37,31.7
56,91,1253,18.5,104.5,0,17.85,59,132.9709899,481,19,19,-3,11.8
58,91.5,1267,20.5,125,2,21.7,14,139.6195394,483,-26,0,-45,-38.1
61,92,2456,23.5,148.5,3,25.75,44,146.6005164,510,4,0,30,17.4
63,92.5,2550,25.5,174,2,28.6,55,153.9305422,536,15,15,11,16
41,93,2550,3.5,0,-22,-9.6,28,161.6270693,460,-12,0,-27,-20.7
49,93.5,2550,11.5,11.5,8,9.75,42,165,437,2,0,14,8.2
70,94,2550,32.5,44,21,27.9,45,165,464,5,0,3,4.5
72,94.5,1468,34.5,78.5,2,22.65,39,165,454,-1,0,-6,-3.6
43,95,2550,5.5,0,-29,-12.3,34,165,424,-6,0,-5,-6.1
46,95.5,1443,8.5,0,3,4.9,45,165,403,5,0,11,8.5
61,96,2550,23.5,23.5,15,19.25,41,165,401,1,0,-4,-1.4
61,96.5,1366,23.5,47,0,14.1,37,165,384,-3,0,-4,-3.8
50,97,1362,12.5,59.5,-11,5.45,44,165,374,4,0,7,5.9
58,97.5,2550,20.5,80,8,20.2,40,165,361,0,0,-4,-2
56,98,2550,18.5,98.5,-2,16.25,45,165,338,5,0,5,5.5
47,98.5,2550,9.5,0,-9,-0.7,42,90,328,2,0,-3,-0.3
54,99,2550,16.5,16.5,7,11.75,42,90,326,2,0,0,1.2
68,99.5,2550,30.5,47,14,23.9,34,90,321,-6,0,-8,-7.6
66,100,2550,28.5,75.5,-2,17.95,39,90,326,-1,0,5,1.9
64,100.5,2550,26.5,102,-2,19.8,44,90,326,4,0,5,4.9
59,101,2550,21.5,123.5,-5,18.45,42,94.5,338,2,0,-2,0.2
53,101.5,2550,15.5,139,-6,17.1,38,90,330,-2,0,-4,-3.2
51,102,2550,13.5,152.5,-2,19.65,43,94.5,429,3,0,5,4.3
61,102.5,2550,23.5,176,10,32,41,99.225,349,1,0,-2,-0.4
57,103,2550,19.5,195.5,-4,25.35,41,104.18625,345,1,0,0,0.6
29,103.5,2550,-8.5,0,-28,-17.4,43,109.3955625,345,3,0,2,2.8
37,104,2550,-0.5,0,8,3.8,64,114.8653406,345,24,24,21,27.3
58,104.5,2550,20.5,0,21,18.7,50,120.6086077,429,10,34,-14,2.4
53,105,2550,15.5,15.5,-5,5.25,44,126.639038,383,4,0,-6,-0.6
47,105.5,2550,9.5,0,-6,0.8,64,132.9709899,391,24,24,20,26.8
49,106,2550,11.5,11.5,2,6.75,64,139.6195394,364,24,48,0,19.2
44,106.5,2550,6.5,0,-5,0.1,65,146.6005164,362,25,73,1,22.8
43,107,2550,5.5,0,-1,1.7,64,153.9305422,372,24,97,-1,23.6
49,107.5,2550,11.5,11.5,6,8.75,64,161.6270693,2457,24,121,0,26.5
54,108,2550,16.5,28,5,11.9,68,90,326,28,149,4,33.7
47,108.5,2550,9.5,0,-7,0.3,74,90,347,34,183,6,41.7
34,109,2550,-3.5,0,-13,-7.9,52,90,321,12,195,-22,15.7
36,109.5,2550,-1.5,0,2,0.4,13,90,321,-27,0,-39,-35.7
44,110,2550,6.5,0,8,6.6,74,90,321,34,0,61,50.9
43,90,395,5.5,0,-1,1.7,74,90,321,34,34,0,23.8
32,90,348,-5.5,0,-11,-7.7,11,90,321,-29,0,-63,-48.9
33,90,336,-4.5,0,1,-1.3,25,90,321,-15,-15,14,-3.5
49,90,326,11.5,0,16,12.6,67,94.5,1377,27,0,42,37.2
42,90,326,4.5,0,-7,-1.7,65,99.225,2550,25,25,-2,16.5
30,90,321,-7.5,0,-12,-9,62,104.18625,372,22,47,-3,16.4
36,90,326,-1.5,0,6,2.4,64,109.3955625,391,24,71,2,22.5
40,90,326,2.5,0,4,3,67,114.8653406,391,27,98,3,27.5
36,89,542,-1.5,0,-4,-2.6,57,120.6086077,349,17,115,-10,16.7
32,89,326,-5.5,0,-4,-4.2,57,90,326,17,132,0,23.4
38,89,326,0.5,0,6,3.2,52,90,321,12,144,-5,19.1
34,88,412,-3.5,0,-4,-3.4,25,90,321,-15,0,-27,-22.5
34,87,412,-3.5,0,0,-1.4,66,90,326,26,0,41,36.1
36,87.5,2222,-1.5,0,2,0.4,69,90,330,29,29,3,21.8
40,88,2201,2.5,0,4,3,57,90,321,17,46,-12,8.8
40,88.5,2181,2.5,0,0,1,67,90,321,27,73,10,28.5
42,89,1395,4.5,0,2,2.8,66,90,321,26,99,-1,25
33,89.5,823,-4.5,0,-9,-6.3,37,90,305,-3,0,-29,-16.3
38,90,1309,0.5,0,5,2.7,58,90,308,18,0,21,21.3
42,90.5,2122,4.5,0,4,3.8,57,90,308,17,17,-1,11.4
32,91,2101,-5.5,0,-10,-7.2,38,90,322,-2,0,-19,-10.7
36,91.5,2090,-1.5,0,4,1.4,47,90,322,7,0,9,8.7
36,92,2072,-1.5,0,0,-0.6,56,90,308,16,16,9,15.7
36,92.5,2056,-1.5,0,0,-0.6,45,90,298,5,0,-11,-2.5
38,93,2034,0.5,0,2,1.2,39,90,320,-1,0,-6,-3.6
41,93.5,2028,3.5,0,3,2.9,46,90,302,6,0,7,7.1
40,94,2013,2.5,0,-1,0.5,46,90,302,6,0,0,3.6
44,94.5,1992,6.5,0,4,4.6,40,90,320,0,0,-6,-3
40,95,1974,2.5,0,-4,-1,38,90,322,-2,0,-2,-2.2
36,95.5,1961,-1.5,0,-4,-2.6,50,90,326,10,0,12,12
37,96,1936,-0.5,0,1,0.3,36,90,322,-4,0,-14,-9.4
27,96.5,1938,-10.5,-10.5,-10,-10.25,40,90,321,0,0,4,2
50,97,1902,12.5,0,23,16.5,45,90,320,5,0,5,5.5
46,97.5,1890,8.5,0,-4,1.4,38,90,308,-2,0,-7,-4.7
21,98,1858,-16.5,0,-25,-19.1,39,90,302,-1,0,1,-0.1
46,98.5,1856,8.5,0,25,15.9,44,90,302,4,0,5,4.9
57,99,1829,19.5,19.5,11,15.25,39,90,308,-1,0,-5,-3.1
31,99.5,1815,-6.5,0,-26,-15.6,42,90,321,2,0,3,2.7
24,100,1794,-13.5,-13.5,-7,-10.25,42,90,303,2,0,0,1.2
43,100.5,1777,5.5,0,19,11.7,39,90,321,-1,0,-3,-2.1
42,101,1762,4.5,0,-1,1.3,37,90,322,-3,0,-2,-2.8
35,101.5,1744,-2.5,0,-7,-4.5,48,90,326,8,0,11,10.3
34,102,1726,-3.5,0,-1,-1.9,31,90,321,-9,0,-17,-13.9
41,102.5,1708,3.5,0,7,4.9,39,90,321,-1,0,8,3.4
38,103,1692,0.5,0,-3,-1.3,42,90,321,2,0,3,2.7
35,103.5,1670,-2.5,0,-3,-2.5,39,90,321,-1,0,-3,-2.1
40,104,1650,2.5,0,5,3.5,39,90,321,-1,0,0,-0.6
46,104.5,1633,8.5,0,6,6.4,42,90,326,2,0,3,2.7
37,105,1615,-0.5,0,-9,-4.7,42,90,321,2,0,0,1.2
36,105.5,1593,-1.5,0,-1,-1.1,39,90,326,-1,0,-3,-2.1
37,106,1579,-0.5,0,1,0.3,38,90,321,-2,0,-1,-1.7
38,106.5,1563,0.5,0,1,0.7,38,90,326,-2,0,0,-1.2
39,107,1547,1.5,0,1,1.1,43,90,328,3,0,5,4.3
33,107.5,1528,-4.5,0,-6,-4.8,40,94.5,347,0,0,-3,-1.5
37,108,1517,-0.5,0,4,1.8,43,90,321,3,0,3,3.3
51,108.5,1517,13.5,0,14,12.4,31,94.5,338,-9,0,-12,-11.4
57,109,1517,19.5,19.5,6,12.75,36,90,330,-4,0,5,0.1
60,109.5,1517,22.5,42,3,14.7,43,94.5,340,3,0,7,5.3
58,110,1517,20.5,62.5,-2,13.45,42,99.225,336,2,0,-1,0.7
60,110.5,1407,22.5,85,2,18.5,43,104.18625,340,3,0,1,2.3
62,111,1395,24.5,109.5,2,21.75,42,109.3955625,338,2,0,-1,0.7
64,111.5,1372,26.5,136,2,25.2,41,114.8653406,338,1,0,-1,0.1
66,112,1360,28.5,164.5,2,28.85,41,120.6086077,336,1,0,0,0.6
67,112.5,1343,29.5,194,1,31.7,43,90,328,3,0,2,2.8
68,113,1345,30.5,224.5,1,35.15,42,94.5,340,2,0,-1,0.7
61,113.5,1360,23.5,248,-7,30.7,44,99.225,353,4,0,2,3.4
22,114,2550,-15.5,0,-39,-25.7,46,90,328,6,0,2,4.6
25,114.5,2550,-12.5,-12.5,3,-4.75,24,94.5,353,-16,0,-22,-20.6
55,115,2550,17.5,0,30,22,54,99.225,353,14,0,30,23.4
57,115.5,2550,19.5,19.5,2,10.75,30,104.18625,355,-10,0,-24,-18
47,116,2550,9.5,0,-10,-1.2,55,109.3955625,372,15,0,25,21.5
52,116.5,2550,14.5,14.5,5,9.75,27,114.8653406,364,-13,0,-28,-21.8
58,117,2550,20.5,35,6,14.7,45,120.6086077,370,5,0,18,12
58,117.5,2550,20.5,55.5,0,13.75,37,126.639038,366,-3,0,-8,-5.8
57,118,2550,19.5,75,-1,14.8,38,132.9709899,392,-2,0,1,-0.7
57,118.5,2550,19.5,94.5,0,17.25,44,139.6195394,336,4,0,6,5.4
55,119,2550,17.5,112,-2,17.2,41,146.6005164,355,1,0,-3,-0.9
54,119.5,2550,16.5,128.5,-1,18.95,36,153.9305422,336,-4,0,-5,-4.9
56,120,2550,18.5,147,2,23.1,39,90,328,-1,0,3,0.9
60,120.5,2550,22.5,169.5,4,27.95,50,90,326,10,0,11,11.5
57,121,2550,19.5,189,-3,25.2,40,90,326,0,0,-10,-5
64,121.5,2550,26.5,215.5,7,35.65,35,94.5,338,-5,0,-5,-5.5
66,122,2550,28.5,244,2,36.8,40,99.225,336,0,0,5,2.5
67,122.5,2550,29.5,273.5,1,39.65,44,104.18625,340,4,0,4,4.4
27,123,2550,-10.5,0,-40,-24.2,39,109.3955625,443,-1,0,-5,-3.1
5,123.5,2550,-32.5,-32.5,-22,-27.25,39,114.8653406,443,-1,0,0,-0.6
19,124,2550,-18.5,-51,14,-5.5,43,120.6086077,383,3,0,4,3.8
47,90,326,9.5,0,28,17.8,37,126.639038,382,-3,0,-6,-4.8
30,90.5,2550,-7.5,0,-17,-11.5,51,132.9709899,382,11,0,14,13.6
19,91,2550,-18.5,-18.5,-11,-14.75,62,139.6195394,403,22,22,11,20.9
33,91.5,2550,-4.5,0,14,5.2,63,146.6005164,403,23,45,1,18.8
39,92,2550,1.5,0,6,3.6,66,153.9305422,397,26,71,3,24.2
38,92.5,2550,0.5,0,-1,-0.3,70,161.6270693,410,30,101,4,30.1
36,93,2550,-1.5,0,-2,-1.6,73,90,420,33,134,3,34.7
40,93.5,2550,2.5,0,4,3,75,90,420,35,169,2,38.9
40,94,2550,2.5,0,0,1,59,90,1363,19,188,-16,22.2
42,94.5,2550,4.5,0,2,2.8,50,90,340,10,198,-9,21.3
41,95,2550,3.5,0,-1,0.9,13,90,376,-27,0,-37,-34.7
43,95.5,2550,5.5,0,2,3.2,62,94.5,374,22,0,49,37.7
38,96,2550,0.5,0,-5,-2.3,75,90,326,35,35,13,31
33,96.5,2550,-4.5,0,-5,-4.3,39,94.5,370,-1,0,-36,-18.6
35,97,2550,-2.5,0,2,0,47,99.225,374,7,0,8,8.2
33,97.5,2550,-4.5,0,-2,-2.8,61,104.18625,370,21,21,14,21.7
53,98,2550,15.5,0,20,16.2,55,109.3955625,2550,15,36,-6,9.6
41,98.5,2550,3.5,0,-12,-4.6,54,114.8653406,2550,14,50,-1,12.9
22,99,2550,-15.5,0,-19,-15.7,51,120.6086077,370,11,61,-3,11.2
38,99.5,2550,0.5,0,16,8.2,62,126.639038,2550,22,83,11,27
45,100,2550,7.5,0,7,6.5,59,132.9709899,357,19,102,-3,20.1
30,100.5,2550,-7.5,0,-15,-10.5,53,90,336,13,115,-6,16.3
31,101,2550,-6.5,0,1,-2.1,47,90,357,7,0,-6,1.2
38,101.5,2550,0.5,0,7,3.7,53,90,329,13,13,6,12.1
38,102,2550,0.5,0,0,0.2,61,94.5,347,21,34,8,20
31,102.5,2550,-6.5,0,-7,-6.1,57,99.225,353,17,51,-4,13.3
40,103,2550,2.5,0,9,5.5,63,104.18625,336,23,74,6,24.2
42,103.5,2550,4.5,0,2,2.8,62,90,330,22,96,-1,22.3
32,104,2550,-5.5,0,-10,-7.2,59,90,324,19,115,-3,21.4
37,104.5,2550,-0.5,0,5,2.3,39,90,321,-1,0,-20,-10.6
47,105,2550,9.5,0,10,8.8,59,90,326,19,0,20,21.4
43,105.5,2550,5.5,0,-4,0.2,66,90,321,26,26,7,21.7
31,106,2550,-6.5,0,-12,-8.6,24,90,321,-16,0,-42,-30.6
38,106.5,2550,0.5,0,7,3.7,56,90,326,16,0,32,25.6
45,107,2550,7.5,0,7,6.5,67,90,321,27,27,11,24.4
43,107.5,2550,5.5,0,-2,1.2,19,90,330,-21,0,-48,-36.6
33,108,2550,-4.5,0,-10,-6.8,43,94.5,336,3,0,24,13.8
38,108.5,2550,0.5,0,5,2.7,62,90,329,22,22,19,24.9
44,109,2550,6.5,0,6,5.6,29,94.5,340,-11,0,-33,-23.1
39,109.5,2550,1.5,0,-5,-1.9,32,90,321,-8,0,3,-3.3
42,110,2550,4.5,0,3,3.3,50,94.5,348,10,0,18,15
38,110.5,2550,0.5,0,-4,-1.8,39,90,321,-1,0,-11,-6.1
30,111,2550,-7.5,0,-8,-7,46,94.5,340,6,0,7,7.1
36,111.5,2550,-1.5,0,6,2.4,44,99.225,349,4,0,-2,1.4
40,112,2550,2.5,0,4,3,42,90,321,2,0,-2,0.2
35,112.5,2550,-2.5,0,-5,-3.5,43,94.5,357,3,0,1,2.3
36,113,2550,-1.5,0,1,-0.1,45,90,326,5,0,2,4
39,113.5,2550,1.5,0,3,2.1,46,90,326,6,0,1,4.1
38,114,2550,0.5,0,-1,-0.3,35,94.5,365,-5,0,-11,-8.5
42,114.5,2550,4.5,0,4,3.8,43,99.225,345,3,0,8,5.8
34,115,2550,-3.5,0,-8,-5.4,45,104.18625,357,5,0,2,4
34,115.5,2550,-3.5,0,0,-1.4,27,109.3955625,355,-13,0,-18,-16.8
39,116,2550,1.5,0,5,3.1,43,114.8653406,357,3,0,16,9.8
36,116.5,2550,-1.5,0,-3,-2.1,51,120.6086077,355,11,11,8,11.7
33,117,2550,-4.5,0,-3,-3.3,41,126.639038,357,1,0,-10,-4.4
41,117.5,2550,3.5,0,8,5.4,32,132.9709899,357,-8,0,-9,-9.3
38,118,2550,0.5,0,-3,-1.3,45,139.6195394,347,5,0,13,9.5
33,118.5,2550,-4.5,0,-5,-4.3,37,146.6005164,340,-3,0,-8,-5.8
50,119,2550,12.5,0,17,13.5,34,153.9305422,340,-6,0,-3,-5.1
50,118,406,12.5,12.5,0,6.25,41,90,326,1,0,7,4.1
58,117,406,20.5,33,8,15.5,46,94.5,334,6,0,5,6.1
61,116,406,23.5,56.5,3,16.55,27,99.225,340,-13,0,-19,-17.3
52,90,362,14.5,71,-9,8.4,42,90,328,2,0,15,8.7
55,90.5,2550,17.5,88.5,3,17.35,47,94.5,340,7,0,5,6.7
61,91,2550,23.5,112,6,23.6,40,99.225,340,0,0,-7,-3.5
65,91.5,2550,27.5,139.5,4,26.95,40,104.18625,364,0,0,0,0
65,92,2550,27.5,167,0,27.7,44,109.3955625,355,4,0,4,4.4
67,92.5,2550,29.5,196.5,2,32.45,37,114.8653406,355,-3,0,-7,-5.3
70,93,1324,32.5,229,3,37.4,38,120.6086077,361,-2,0,1,-0.7
69,93.5,1316,31.5,260.5,-1,38.15,39,126.639038,357,-1,0,1,-0.1
45,94,1286,7.5,0,-24,-9,44,90,326,4,0,5,4.9
25,94.5,1288,-12.5,0,-20,-15,44,94.5,366,4,0,0,2.4
43,95,1267,5.5,0,18,11.2,40,90,326,0,0,-4,-2
50,95.5,1246,12.5,12.5,7,9.75,39,94.5,383,-1,0,-1,-1.1
46,96,1253,8.5,0,-4,1.4,55,90,326,15,0,16,17
51,96.5,1234,13.5,13.5,5,9.25,27,90,326,-13,0,-28,-21.8
56,97,1217,18.5,32,5,13.1,38,94.5,365,-2,0,11,4.3
61,97.5,1179,23.5,55.5,5,17.45,59,99.225,427,19,0,21,21.9
66,98,1156,28.5,84,5,22.3,14,104.18625,404,-26,0,-45,-38.1
68,98.5,1138,30.5,114.5,2,24.65,35,109.3955625,380,-5,0,21,7.5
65,99,1139,27.5,142,-3,23.7,69,114.8653406,380,29,0,34,34.4
42,99.5,1155,4.5,0,-23,-9.7,18,120.6086077,380,-22,0,-51,-38.7
60,100,1147,22.5,22.5,18,20.25,8,126.639038,385,-32,-32,-10,-27.4
62,100.5,1147,24.5,47,2,15.5,67,132.9709899,410,27,0,59,45.7
60,101,1122,22.5,69.5,-2,14.95,73,139.6195394,353,33,33,6,26.1
64,101.5,1121,26.5,96,4,22.2,16,146.6005164,340,-24,0,-57,-42.9
56,102,2550,18.5,114.5,-8,14.85,18,153.9305422,334,-22,-22,2,-14.4
62,102.5,2550,24.5,139,6,26.7,68,90,326,28,0,50,41.8
56,103,2550,18.5,157.5,-6,20.15,57,90,326,17,17,-11,6.4
52,103.5,2550,14.5,172,-4,21,4,90,321,-36,0,-53,-48.1
41,104,2550,3.5,0,-11,-4.1,43,90,321,3,0,39,21.3
31,104.5,2550,-6.5,0,-10,-7.6,69,90,328,29,29,26,33.3
40,105,2550,2.5,0,9,5.5,18,94.5,340,-22,0,-51,-38.7
47,105.5,2550,9.5,0,7,7.3,13,99.225,340,-27,-27,-5,-21.4
45,106,2550,7.5,0,-2,2,56,104.18625,340,16,0,43,31.1
38,106.5,2550,0.5,0,-7,-3.3,61,109.3955625,2550,21,21,5,17.2
38,90,326,0.5,0,0,0.2,13,114.8653406,361,-27,0,-48,-40.2
40,90,326,2.5,0,2,2,28,120.6086077,383,-12,-12,15,-0.9
43,90,326,5.5,0,3,3.7,62,126.639038,2550,22,0,34,30.2
31,90,326,-6.5,0,-12,-8.6,59,132.9709899,2550,19,19,-3,11.8
33,90,326,-4.5,0,2,-0.8,72,139.6195394,2550,32,51,13,30.8
40,90,326,2.5,0,7,4.5,73,146.6005164,2550,33,84,1,28.7
37,90,326,-0.5,0,-3,-1.7,69,153.9305422,2550,29,113,-4,26.7
34,90,326,-3.5,0,-3,-2.9,71,90,2550,31,144,2,34
41,90,362,3.5,0,7,4.9,72,90,355,32,176,1,37.3
38,90,338,0.5,0,-3,-1.3,66,90,412,26,202,-6,32.8
36,90,324,-1.5,0,-2,-1.6,22,90,321,-18,0,-44,-32.8
34,90,326,-3.5,0,-2,-2.4,59,90,326,19,0,37,29.9
34,90,326,-3.5,0,0,-1.4,77,90,321,37,37,18,34.9
37,90,326,-0.5,0,3,1.3,38,90,326,-2,0,-39,-20.7
36,90,326,-1.5,0,-1,-1.1,59,90,328,19,0,21,21.9
36,90,326,-1.5,0,0,-0.6,58,90,326,18,18,-1,12.1
35,90,326,-2.5,0,-1,-1.5,39,94.5,357,-1,0,-19,-10.1
37,90,326,-0.5,0,2,0.8,57,99.225,391,17,0,18,19.2
38,90,326,0.5,0,1,0.7,66,104.18625,372,26,26,9,22.7
41,90,326,3.5,0,3,2.9,58,109.3955625,372,18,44,-8,11.2
38,90.5,2320,0.5,0,-3,-1.3,66,114.8653406,336,26,70,8,26.6
42,91,2305,4.5,0,4,3.8,70,120.6086077,1148,30,100,4,30
39,91.5,2284,1.5,0,-3,-0.9,37,90,326,-3,0,-33,-18.3
35,92,2259,-2.5,0,-4,-3,73,90,326,33,0,36,37.8
35,92.5,2259,-2.5,0,0,-1,75,90,321,35,35,2,25.5
36,93,2251,-1.5,0,1,-0.1,40,90,321,0,0,-35,-17.5
43,93.5,2222,5.5,0,7,5.7,58,90,321,18,18,18,21.6
38,94,2219,0.5,0,-5,-2.3,69,90,330,29,47,11,27.6
38,94.5,2200,0.5,0,0,0.2,76,90,326,36,83,7,33.4
38,95,2193,0.5,0,0,0.2,84,90,303,44,127,8,43.1
45,95.5,2175,7.5,0,7,6.5,29,90,296,-11,0,-55,-34.1
38,96,2155,0.5,0,-7,-3.3,25,90,294,-15,-15,-4,-12.5
37,96.5,2159,-0.5,0,-1,-0.7,62,90,302,22,0,37,31.7
36,97,2147,-1.5,0,-1,-1.1,61,90,298,21,21,-1,14.2
41,97.5,2122,3.5,0,5,3.9,43,90,290,3,0,-18,-7.2
40,98,2122,2.5,0,-1,0.5,47,90,298,7,0,4,6.2
33,98.5,2122,-4.5,0,-7,-5.3,48,90,290,8,0,1,5.3
33,99,2122,-4.5,0,0,-1.8,44,90,286,4,0,-4,0.4
39,99.5,2122,1.5,0,6,3.6,43,0,297,4,0,-4,0.4
47,100,2122,9.5,0,8,7.8,54,0,297,4,0,-4,0.4
36,100.5,1890,-1.5,0,-11,-6.1,56,90,324,16,16,12,17.2
28,101,1890,-9.5,0,-8,-7.8,52,90,326,12,28,-4,8
35,101.5,1999,-2.5,0,7,2.5,50,90,326,10,38,-2,8.8
37,102,2550,-0.5,0,2,0.8,31,90,326,-9,0,-19,-14.9
35,102.5,2550,-2.5,0,-2,-2,40,90,321,0,0,9,4.5
37,103,2054,-0.5,0,2,0.8,44,90,321,4,0,4,4.4
40,103.5,2037,2.5,0,3,2.5,37,90,321,-3,0,-7,-5.3
40,104,2550,2.5,0,0,1,42,90,326,2,0,5,3.7
37,104.5,2550,-0.5,0,-3,-1.7,46,90,326,6,0,4,5.6
43,105,1973,5.5,0,6,5.2,36,90,321,-4,0,-10,-7.4
47,105.5,1946,9.5,0,4,5.8,41,90,321,1,0,5,3.1
36,106,1929,-1.5,0,-11,-6.1,40,90,326,0,0,-1,-0.5
34,106.5,1797,-3.5,0,-2,-2.4,38,90,321,-2,0,-2,-2.2
39,107,1791,1.5,0,5,3.1,39,90,326,-1,0,1,-0.1
38,107.5,1866,0.5,0,-1,-0.3,41,90,326,1,0,2,1.6
34,108,1848,-3.5,0,-4,-3.4,41,90,321,1,0,0,0.6
38,108.5,1858,0.5,0,4,2.2,39,90,321,-1,0,-2,-1.6
37,109,1858,-0.5,0,-1,-0.7,42,90,326,2,0,3,2.7
40,109.5,1858,2.5,0,3,2.5,37,90,321,-3,0,-5,-4.3
29,110,1858,-8.5,0,-11,-8.9,42,90,326,2,0,5,3.7
43,110.5,1858,5.5,0,14,9.2,40,90,326,0,0,-2,-1
48,111,1858,10.5,10.5,5,7.75,42,90,326,2,0,2,2.2
50,111.5,1858,12.5,23,2,8.3,39,94.5,408,-1,0,-3,-2.1
70,112,1858,32.5,55.5,20,28.55,43,99.225,355,3,0,4,3.8
61,112.5,1858,23.5,79,-9,12.8,38,104.18625,340,-2,0,-5,-3.7
54,113,1611,16.5,95.5,-7,12.65,39,90,328,-1,0,1,-0.1
57,113.5,1426,19.5,115,3,20.8,45,94.5,340,5,0,6,6
56,114,1654,18.5,133.5,-1,20.25,35,99.225,370,-5,0,-10,-8
61,114.5,2550,23.5,157,5,27.6,36,104.18625,364,-4,0,1,-1.9
64,115,2550,26.5,183.5,3,30.45,41,109.3955625,348,1,0,5,3.1
67,115.5,2550,29.5,213,3,34.6,42,90,326,2,0,1,1.7
50,116,2550,12.5,225.5,-17,19.05,43,90,326,3,0,1,2.3
22,116.5,2550,-15.5,0,-28,-20.2,41,90,326,1,0,-2,-0.4
35,117,2550,-2.5,0,13,5.5,42,90,321,2,0,1,1.7
68,117.5,1521,30.5,0,33,28.7,42,90,326,2,0,0,1.2
60,118,2550,22.5,22.5,-8,7.25,39,94.5,527,-1,0,-3,-2.1
40,118.5,2550,2.5,0,-20,-9,39,99.225,410,-1,0,0,-0.6
53,119,2550,15.5,15.5,13,14.25,44,90,326,4,0,5,4.9
54,119.5,2550,16.5,32,1,10.3,37,90,326,-3,0,-7,-5.3
56,120,1192,18.5,50.5,2,13.45,40,94.5,389,0,0,3,1.5
57,120.5,2550,19.5,70,1,15.3,45,99.225,397,5,0,5,5.5
61,121,2550,23.5,93.5,4,20.75,38,104.18625,382,-2,0,-7,-4.7
65,121.5,2550,27.5,121,4,25.1,43,109.3955625,393,3,0,5,4.3
61,122,2550,23.5,144.5,-4,21.85,33,114.8653406,408,-7,0,-10,-9.2
57,122.5,2443,19.5,164,-4,22.2,45,120.6086077,393,5,0,12,9
57,123,2550,19.5,183.5,0,26.15,36,126.639038,384,-4,0,-9,-6.9
55,123.5,2411,17.5,201,-2,26.1,34,132.9709899,365,-6,0,-2,-4.6
54,124,2550,16.5,217.5,-1,27.85,41,139.6195394,355,1,0,7,4.1
56,124.5,2550,18.5,236,2,32,38,146.6005164,364,-2,0,-3,-2.7
61,125,2550,23.5,259.5,5,37.85,40,90,326,0,0,2,1
71,125.5,2550,33.5,293,10,47.7,43,94.5,372,3,0,3,3.3
70,126,2550,32.5,325.5,-1,45.05,41,99.225,372,1,0,-2,-0.4
5,126.5,2550,-32.5,0,-65,-45.5,44,104.18625,366,4,0,3,3.9
4,127,2550,-33.5,-33.5,-1,-17.25,38,109.3955625,376,-2,0,-6,-4.2
4,127.5,2550,-33.5,-67,0,-20.1,41,114.8653406,384,1,0,3,2.1
7,128,2550,-30.5,-97.5,3,-20.45,39,120.6086077,383,-1,0,-2,-1.6
3,128.5,2550,-34.5,-132,-4,-29,43,126.639038,391,3,0,4,3.8
3,129,2550,-34.5,-166.5,0,-30.45,37,132.9709899,397,-3,0,-6,-4.8
7,129.5,2550,-30.5,-197,4,-29.9,35,139.6195394,397,-5,0,-2,-4
56,130,2550,18.5,0,49,31.9,52,146.6005164,411,12,0,17,15.7
62,130,2550,24.5,24.5,6,15.25,30,153.9305422,441,-10,0,-22,-17
59,130,2550,21.5,46,-3,11.7,50,161.6270693,454,10,0,20,16
53,130,2321,15.5,61.5,-6,9.35,59,165,454,19,19,9,17.8
36,130,2550,-1.5,0,-17,-9.1,73,165,454,33,52,14,32
35,130,2550,-2.5,0,-1,-1.5,68,165,454,28,80,-5,22.3
47,130,2550,9.5,0,12,9.8,65,165,355,25,105,-3,24
43,130,2550,5.5,0,-4,0.2,70,90,2550,30,135,5,34
34,130,2550,-3.5,0,-9,-5.9,73,90,2550,33,168,3,38.1
28,130,2550,-9.5,0,-6,-6.8,21,90,403,-19,0,-52,-37.4
36,130,2550,-1.5,0,8,3.4,55,94.5,412,15,0,34,26
41,130,2550,3.5,0,5,3.9,78,90,321,38,38,23,38.1
37,130,2550,-0.5,0,-4,-2.2,52,94.5,2550,12,50,-26,-0.8
47,130,2550,9.5,0,10,8.8,44,99.225,2550,4,0,-8,-1.6
45,130,2550,7.5,0,-2,2,79,104.18625,368,39,39,35,44.8
31,130,2550,-6.5,0,-14,-9.6,29,109.3955625,1498,-11,0,-50,-31.6
34,130,2550,-3.5,0,3,0.1,24,90,321,-16,-16,-5,-13.7
40,130,2550,2.5,0,6,4,71,94.5,2550,31,0,47,42.1
38,130,2550,0.5,0,-2,-0.8,66,99.225,2550,26,26,-5,15.7
32,130,2550,-5.5,0,-6,-5.2,51,104.18625,2550,11,37,-15,2.8
36,130,2550,-1.5,0,4,1.4,59,90,326,19,56,8,21
36,130,2550,-1.5,0,0,-0.6,59,90,321,19,75,0,18.9
35,130,2550,-2.5,0,-1,-1.5,44,90,321,4,0,-15,-5.1
40,130,2550,2.5,0,5,3.5,55,90,321,15,15,11,16
35,130,2550,-2.5,0,-5,-3.5,64,90,321,24,39,9,22.8
33,130,2464,-4.5,0,-2,-2.8,64,94.5,471,24,63,0,20.7
38,130,2550,0.5,0,5,2.7,66,99.225,474,26,89,2,25.5
39,130,1680,1.5,0,1,1.1,56,104.18625,448,16,105,-10,15.1
40,130,2550,2.5,0,1,1.5,48,90,460,8,0,-8,0.8
47,130,2405,9.5,0,7,7.3,67,94.5,455,27,27,19,28.4
38,130,2550,0.5,0,-9,-4.3,64,99.225,464,24,51,-3,18
31,130,2550,-6.5,0,-7,-6.1,54,104.18625,460,14,65,-10,9.9
37,130,2550,-0.5,0,6,2.8,58,109.3955625,469,18,83,4,21.1
40,130,2550,2.5,0,3,2.5,57,114.8653406,471,17,100,-1,19.7
40,130,2550,2.5,0,0,1,43,120.6086077,475,3,0,-14,-5.2
36,130,2550,-1.5,0,-4,-2.6,51,126.639038,490,11,11,8,11.7
39,130,2550,1.5,0,3,2.1,51,132.9709899,473,11,22,0,8.8
45,130,2550,7.5,0,6,6,37,139.6195394,474,-3,0,-14,-8.8
56,130,2550,18.5,18.5,11,14.75,49,146.6005164,474,9,0,12,11.4
45,130,2550,7.5,0,-11,-2.5,43,153.9305422,475,3,0,-6,-1.2
46,130,2550,8.5,0,1,3.9,41,161.6270693,471,1,0,-2,-0.4
61,130,2550,23.5,23.5,15,19.25,43,165,471,3,0,2,2.8
59,130,2550,21.5,45,-2,12.1,45,165,443,5,0,2,4
54,90,385,16.5,61.5,-5,10.25,37,165,439,-3,0,-8,-5.8
55,90.5,2550,17.5,79,1,15.4,43,165,454,3,0,6,4.8
59,91,1246,21.5,100.5,4,20.65,46,165,418,6,0,3,5.1
65,91.5,2451,27.5,128,6,26.8,32,165,439,-8,0,-14,-11.8
68,92,2420,30.5,158.5,3,29.55,52,165,332,12,0,20,17.2
68,92.5,2550,30.5,189,0,31.1,29,165,404,-11,0,-23,-18.1
70,93,1519,32.5,221.5,2,36.15,38,90,326,-2,0,9,3.3
70,93.5,2550,32.5,254,0,38.4,62,94.5,408,22,0,24,25.2
26,94,2550,-11.5,0,-44,-26.6,20,99.225,427,-20,0,-42,-33
15,94.5,2072,-22.5,-22.5,-11,-16.75,28,104.18625,429,-12,-12,8,-4.4
62,95,1422,24.5,0,47,33.3,57,109.3955625,433,17,0,29,24.7
57,95.5,2550,19.5,19.5,-5,7.25,34,114.8653406,446,-6,0,-23,-15.1
24,96,2550,-13.5,0,-33,-21.9,40,120.6086077,447,0,0,6,3
42,96.5,1360,4.5,0,18,10.8,51,126.639038,433,11,11,11,13.2
67,97,1351,29.5,29.5,25,27.25,37,132.9709899,439,-3,0,-14,-8.8
64,97.5,1326,26.5,56,-3,14.7,37,139.6195394,439,-3,0,0,-1.8
63,98,2550,25.5,81.5,-1,17.85,42,146.6005164,448,2,0,5,3.7
63,98.5,2550,25.5,107,0,20.9,40,153.9305422,437,0,0,-2,-1
64,99,2550,26.5,133.5,1,24.45,41,161.6270693,437,1,0,1,1.1
45,99.5,2550,7.5,0,-19,-6.5,38,165,439,-2,0,-3,-2.7
49,100,2550,11.5,11.5,4,7.75,42,165,435,2,0,4,3.2
63,100.5,2550,25.5,37,14,20.9,43,165,412,3,0,1,2.3
59,101,2550,21.5,58.5,-4,12.45,30,165,404,-10,0,-13,-12.5
58,101.5,2550,20.5,79,-1,15.6,44,165,391,4,0,14,9.4
65,102,2550,27.5,106.5,7,25.15,43,165,370,3,0,-1,1.3
61,102.5,2550,23.5,130,-4,20.4,33,165,365,-7,0,-10,-9.2
68,103,2550,30.5,160.5,7,31.75,46,165,348,6,0,13,10.1
65,103.5,2550,27.5,188,-3,28.3,42,165,340,2,0,-4,-0.8
42,104,2550,4.5,0,-23,-9.7,49,165,383,9,0,7,8.9
18,104.5,2550,-19.5,0,-24,-19.8,27,90,326,-13,0,-22,-18.8
45,105,2550,7.5,0,27,16.5,34,90,326,-6,0,7,-0.1
51,105.5,2550,13.5,13.5,6,9.75,53,90,326,13,0,19,17.3
34,106,2550,-3.5,0,-17,-9.9,43,90,328,3,0,-10,-3.2
36,106.5,2550,-1.5,0,2,0.4,31,90,321,-9,0,-12,-11.4
47,107,2550,9.5,0,11,9.3,43,90,326,3,0,12,7.8
44,107.5,2550,6.5,0,-3,1.1,47,90,326,7,0,4,6.2
42,108,2550,4.5,0,-2,0.8,39,90,328,-1,0,-8,-4.6
40,108.5,2550,2.5,0,-2,0,37,90,328,-3,0,-2,-2.8
40,109,2550,2.5,0,0,1,43,94.5,483,3,0,6,4.8
37,109.5,2550,-0.5,0,-3,-1.7,41,99.225,338,1,0,-2,-0.4
40,90,384,2.5,0,3,2.5,67,104.18625,454,27,27,26,31.9
37,90,357,-0.5,0,-3,-1.7,43,109.3955625,348,3,0,-24,-10.2
33,90,336,-4.5,0,-4,-3.8,33,114.8653406,410,-7,0,-10,-9.2
38,90,326,0.5,0,5,2.7,67,120.6086077,393,27,0,34,33.2
39,90,321,1.5,0,1,1.1,68,126.639038,383,28,28,1,20.1
36,90,326,-1.5,0,-3,-2.1,64,132.9709899,347,24,52,-4,17.6
40,90,326,2.5,0,4,3,66,139.6195394,1344,26,78,2,24.4
37,90,326,-0.5,0,-3,-1.7,65,146.6005164,355,25,103,-1,24.8
36,90,326,-1.5,0,-1,-1.1,71,90,321,31,134,6,35
34,89,439,-3.5,0,-2,-2.4,69,90,326,29,163,-2,32.7
35,88,455,-2.5,0,1,-0.5,9,90,321,-31,0,-60,-48.6
34,87,455,-3.5,0,-1,-1.9,64,94.5,340,24,0,55,41.9
33,86,455,-4.5,0,-1,-2.3,82,99.225,2550,42,42,18,38.4
36,86.5,2237,-1.5,0,3,0.9,49,104.18625,340,9,0,-33,-11.1
38,87,2197,0.5,0,2,1.2,42,90,326,2,0,-7,-2.3
36,87.5,2199,-1.5,0,-2,-1.6,59,90,326,19,19,17,21.8
37,88,2168,-0.5,0,1,0.3,51,90,326,11,30,-8,5.6
39,88.5,2159,1.5,0,2,1.6,49,90,326,9,0,-2,4.4
41,89,1351,3.5,0,2,2.4,56,90,326,16,16,7,14.7
39,89.5,2122,1.5,0,-2,-0.4,56,94.5,340,16,32,0,12.8
36,90,2104,-1.5,0,-3,-2.1,59,99.225,357,19,51,3,18
36,90.5,2099,-1.5,0,0,-0.6,60,104.18625,361,20,71,1,19.6
34,91,2070,-3.5,0,-2,-2.4,58,109.3955625,340,18,89,-2,18.7
37,91.5,2060,-0.5,0,3,1.3,58,90,330,18,107,0,21.5
37,92,2041,-0.5,0,0,-0.2,52,90,326,12,119,-6,16.1
39,92.5,2026,1.5,0,2,1.6,37,90,326,-3,0,-15,-9.3
39,93,2012,1.5,0,0,0.6,64,90,326,24,0,27,27.9
38,93.5,1993,0.5,0,-1,-0.3,68,90,321,28,28,4,21.6
42,94,1969,4.5,0,4,3.8,57,90,321,17,45,-11,9.2
40,94.5,1972,2.5,0,-2,0,67,90,324,27,72,10,28.4
40,95,1936,2.5,0,0,1,66,90,326,26,98,-1,24.9
30,95.5,1921,-7.5,0,-10,-8,53,90,308,13,111,-13,12.4
41,96,1906,3.5,0,11,6.9,40,90,304,0,0,-13,-6.5
42,96.5,1885,4.5,0,1,2.3,50,90,304,10,10,10,12
31,97,1885,-6.5,0,-11,-8.1,56,90,308,16,26,6,15.2
42,97.5,1867,4.5,0,11,7.3,31,90,302,-9,0,-25,-17.9
43,98,1833,5.5,0,1,2.7,48,90,302,8,0,17,13.3
29,98.5,1830,-8.5,0,-14,-10.4,57,90,281,17,17,9,16.4
34,99,1800,-3.5,0,5,1.1,35,90,303,-5,0,-22,-14
41,99.5,1787,3.5,0,7,4.9,45,90,296,5,0,10,8
40,100,1762,2.5,0,-1,0.5,43,90,303,3,0,-2,0.8
38,100.5,1752,0.5,0,-2,-0.8,42,90,296,2,0,-1,0.7
38,101,1726,0.5,0,0,0.2,44,90,297,4,0,2,3.4
36,101.5,1708,-1.5,0,-2,-1.6,46,90,304,6,0,2,4.6
34,102,1692,-3.5,0,-2,-2.4,46,90,304,6,0,0,3.6
34,102.5,1676,-3.5,0,0,-1.4,41,90,297,1,0,-5,-1.9
39,103,1650,1.5,0,5,3.1,38,90,303,-2,0,-3,-2.7
43,103.5,1636,5.5,0,4,4.2,43,90,302,3,0,5,4.3
35,104,1619,-2.5,0,-8,-5,39,90,298,-1,0,-4,-2.6
39,104.5,1597,1.5,0,4,2.6,39,90,298,-1,0,0,-0.6
44,105,1577,6.5,0,5,5.1,46,90,298,6,0,7,7.1
38,105.5,1559,0.5,0,-6,-2.8,29,90,297,-11,0,-17,-15.1
34,106,1543,-3.5,0,-4,-3.4,47,90,297,7,0,18,13.2
33,106.5,1529,-4.5,0,-1,-2.3,46,90,296,6,0,-1,3.1
40,107,1519,2.5,0,7,4.5,33,90,320,-7,0,-13,-10.7
47,107.5,1499,9.5,0,7,7.3,42,90,322,2,0,9,5.7
55,108,1499,17.5,17.5,8,12.75,46,90,304,6,0,4,5.6
56,108.5,1499,18.5,36,1,11.5,34,90,321,-6,0,-12,-9.6
58,109,1499,20.5,56.5,2,14.85,38,90,302,-2,0,4,0.8
59,109.5,1414,21.5,78,1,16.9,45,90,326,5,0,7,6.5
63,110,1398,25.5,103.5,4,22.55,37,90,326,-3,0,-8,-5.8
66,110.5,1381,28.5,132,3,26.1,37,90,321,-3,0,0,-1.8
66,111,1362,28.5,160.5,0,27.45,44,90,321,4,0,7,5.9
66,111.5,1353,28.5,189,0,30.3,41,90,326,1,0,-3,-0.9
67,112,1351,29.5,218.5,1,34.15,35,90,320,-5,0,-6,-6
67,112.5,2550,29.5,248,0,36.6,39,90,326,-1,0,4,1.4
39,113,2550,1.5,0,-28,-13.4,43,90,326,3,0,4,3.8
19,113.5,2550,-18.5,0,-20,-17.4,44,90,326,4,0,1,2.9
56,114,2550,18.5,0,37,25.9,40,90,328,0,0,-4,-2
60,114.5,2550,22.5,22.5,4,13.25,41,90,321,1,0,1,1.1
54,115,2550,16.5,39,-6,7.5,35,90,321,-5,0,-6,-6
59,115.5,2550,21.5,60.5,5,17.15,39,90,321,-1,0,4,1.4
59,116,2550,21.5,82,0,16.8,41,90,326,1,0,2,1.6
59,116.5,2550,21.5,103.5,0,18.95,45,90,326,5,0,4,5
56,117,2550,18.5,122,-3,18.1,41,90,321,1,0,-4,-1.4
55,117.5,2550,17.5,139.5,-1,20.45,38,90,326,-2,0,-3,-2.7
52,118,2550,14.5,154,-3,19.7,38,90,328,-2,0,0,-1.2
47,118.5,2550,9.5,0,-5,1.3,41,94.5,334,1,0,3,2.1
50,119,2550,12.5,12.5,3,7.75,42,90,330,2,0,1,1.7
59,119.5,2550,21.5,34,9,16.5,42,94.5,340,2,0,0,1.2
57,120,2550,19.5,53.5,-2,12.15,43,99.225,348,3,0,1,2.3
68,120.5,2550,30.5,84,11,26.1,36,104.18625,353,-4,0,-7,-5.9
66,121,2550,28.5,112.5,-2,21.65,34,109.3955625,340,-6,0,-2,-4.6
70,121.5,2550,32.5,145,4,29.5,51,114.8653406,345,11,0,17,15.1
71,122,2550,33.5,178.5,1,31.75,33,120.6086077,365,-7,0,-18,-13.2
68,122.5,2550,30.5,209,-3,31.6,31,126.639038,340,-9,0,-2,-6.4
42,123,2550,4.5,0,-26,-11.2,59,132.9709899,353,19,0,28,25.4
9,123.5,2550,-28.5,0,-33,-27.9,21,139.6195394,336,-19,0,-38,-30.4
25,124,2550,-12.5,-12.5,16,1.75,41,146.6005164,353,1,0,20,10.6
38,124.5,2550,0.5,0,13,6.7,50,153.9305422,340,10,10,9,11.5
39,125,2550,1.5,0,1,1.1,35,90,329,-5,0,-15,-10.5
25,125.5,2550,-12.5,0,-14,-12,35,90,326,-5,0,0,-3
30,126,2550,-7.5,0,5,-0.5,46,94.5,334,6,0,11,9.1
36,126.5,2550,-1.5,0,6,2.4,40,90,321,0,0,-6,-3
35,127,2550,-2.5,0,-1,-1.5,36,94.5,349,-4,0,-4,-4.4
34,127.5,2550,-3.5,0,-1,-1.9,42,99.225,340,2,0,6,4.2
40,128,2550,2.5,0,6,4,42,104.18625,336,2,0,0,1.2
33,128.5,2550,-4.5,0,-7,-5.3,47,109.3955625,412,7,0,5,6.7
31,129,2550,-6.5,0,-2,-3.6,38,114.8653406,447,-2,0,-9,-5.7
52,129.5,2550,14.5,0,21,16.3,39,120.6086077,393,-1,0,1,-0.1
45,130,2550,7.5,0,-7,-0.5,43,126.639038,397,3,0,4,3.8
16,130,1819,-21.5,0,-29,-23.1,36,132.9709899,397,-4,0,-7,-5.9
29,130,2550,-8.5,0,13,3.1,44,139.6195394,427,4,0,8,6.4
47,130,2550,9.5,0,18,12.8,44,146.6005164,427,4,0,0,2.4
38,130,2550,0.5,0,-9,-4.3,62,153.9305422,1495,22,22,18,24.4
30,130,2550,-7.5,0,-8,-7,64,161.6270693,429,24,46,2,20
42,130,2550,4.5,0,12,7.8,68,165,1414,28,74,4,26.2
46,130,2550,8.5,0,4,5.4,72,165,1404,32,106,4,31.8
31,130,2550,-6.5,0,-15,-10.1,74,90,1377,34,140,2,35.4
31,130,2550,-6.5,0,0,-2.6,73,90,1080,33,173,-1,36.6
44,130,2550,6.5,0,13,9.1,74,90,1351,34,207,1,41.6
40,130,2550,2.5,0,-4,-1,71,90,353,31,238,-3,40.9
32,130,2550,-5.5,0,-8,-6.2,14,90,321,-26,0,-57,-44.1
44,130,2550,6.5,0,12,8.6,15,94.5,334,-25,-25,1,-17
50,130,2550,12.5,12.5,6,9.25,75,99.225,348,35,0,60,51
27,130,2550,-10.5,0,-23,-15.7,71,104.18625,348,31,31,-4,19.7
28,130,2550,-9.5,0,1,-3.3,21,109.3955625,366,-19,0,-50,-36.4
49,130,2550,11.5,0,21,15.1,54,114.8653406,376,14,0,33,24.9
51,130,2550,13.5,13.5,2,7.75,68,120.6086077,2550,28,28,14,26.6
18,130,2550,-19.5,0,-33,-24.3,53,126.639038,2550,13,41,-15,4.4
29,130,2550,-8.5,0,11,2.1,63,132.9709899,2550,23,64,10,25.2
56,130,2550,18.5,0,27,20.9,63,139.6195394,2550,23,87,0,22.5
41,130,2550,3.5,0,-15,-6.1,59,146.6005164,2550,19,106,-4,20
22,130,2550,-15.5,0,-19,-15.7,58,90,389,18,124,-1,22.7
42,130,2550,4.5,0,20,11.8,61,90,380,21,145,3,28.6
53,130,2550,15.5,15.5,11,13.25,26,90,392,-14,0,-35,-25.9
24,130,2550,-13.5,0,-29,-19.9,48,94.5,389,8,0,22,15.8
20,130,2550,-17.5,-17.5,-4,-10.75,66,99.225,357,26,26,18,27.2
55,130,2550,17.5,0,35,24.5,65,104.18625,418,25,51,-1,19.6
64,130,2550,26.5,26.5,9,17.75,68,109.3955625,385,28,79,3,26.2
14,130,2550,-23.5,0,-50,-34.4,68,114.8653406,404,28,107,0,27.5
9,130,2550,-28.5,-28.5,-5,-16.75,26,90,397,-14,0,-42,-29.4
70,130,2550,32.5,0,61,43.5,23,94.5,393,-17,-17,-3,-13.4
56,130,2550,18.5,18.5,-14,2.25,79,99.225,384,39,0,56,51.4
15,130,2550,-22.5,0,-41,-29.5,78,104.18625,454,38,38,-1,26.1
48,130,2550,10.5,0,33,20.7,16,109.3955625,410,-24,0,-62,-45.4
56,130,2550,18.5,18.5,8,13.25,39,114.8653406,416,-1,0,23,10.9
73,130,2550,35.5,54,17,28.1,64,90,321,24,0,25,26.9
63,130,2550,25.5,79.5,-10,13.15,47,90,326,7,0,-17,-4.3
63,130,2122,25.5,105,0,20.7,28,90,326,-12,0,-19,-16.7
61,130,2550,23.5,128.5,-2,21.25,42,90,326,2,0,14,8.2
65,130,2550,27.5,156,4,28.6,48,90,326,8,0,6,7.8
66,130,2550,28.5,184.5,1,30.35,41,90,326,1,0,-7,-2.9
71,130,2550,33.5,218,5,37.7,41,90,326,1,0,0,0.6
63,130,2550,25.5,243.5,-8,30.55,43,90,326,3,0,2,2.8
62,130,1290,24.5,268,-1,36.1,45,94.5,471,5,0,2,4
66,130,1269,28.5,296.5,4,43.05,40,99.225,491,0,0,-5,-2.5
64,130,1227,26.5,323,-2,41.9,37,104.18625,483,-3,0,-3,-3.3
16,130,1265,-21.5,0,-48,-32.6,40,109.3955625,496,0,0,3,1.5
5,130,2550,-32.5,-32.5,-11,-21.75,49,114.8653406,483,9,0,9,9.9
46,130,1170,8.5,0,41,23.9,35,120.6086077,506,-5,0,-14,-10
70,130,1139,32.5,32.5,24,28.25,37,126.639038,474,-3,0,2,-0.8
67,130,1164,29.5,62,-3,16.5,64,132.9709899,500,24,0,27,27.9
57,130,1162,19.5,81.5,-10,10.95,20,139.6195394,481,-20,0,-44,-34
60,130,1147,22.5,104,3,20.9,26,146.6005164,496,-14,-14,6,-6.8
61,130,1121,23.5,127.5,1,22.65,56,153.9305422,487,16,0,30,24.6
72,130,2550,34.5,162,11,35.5,30,161.6270693,500,-10,0,-26,-19
66,130,2550,28.5,190.5,-6,27.45,29,165,479,-11,-11,-1,-8.2
59,130,2550,21.5,212,-7,26.3,49,165,483,9,0,20,15.4
43,130,2550,5.5,0,-16,-5.8,39,165,462,-1,0,-10,-5.6
27,130,2550,-10.5,0,-16,-12.2,34,165,460,-6,0,-5,-6.1
44,130,2550,6.5,0,17,11.1,45,165,448,5,0,11,8.5
48,130,2550,10.5,10.5,4,7.25,40,165,446,0,0,-5,-2.5
47,130,2550,9.5,0,-1,3.3,34,165,428,-6,0,-6,-6.6
47,130,2550,9.5,0,0,3.8,46,165,452,6,0,12,9.6
45,90,321,7.5,0,-2,2,51,165,433,11,11,5,10.2
39,90,321,1.5,0,-6,-2.4,25,165,332,-15,0,-26,-22
32,90,321,-5.5,0,-7,-5.7,51,90,326,11,0,26,19.6
36,90,321,-1.5,0,4,1.4,66,94.5,439,26,26,15,25.7
39,90,321,1.5,0,3,2.1,7,99.225,483,-33,0,-59,-49.3
37,90,321,-0.5,0,-2,-1.2,12,104.18625,483,-28,-28,5,-17.1
37,90,385,-0.5,0,0,-0.2,80,109.3955625,479,40,0,68,58
35,90,353,-2.5,0,-2,-2,79,114.8653406,456,39,39,-1,26.8
38,90,345,0.5,0,3,1.7,5,120.6086077,456,-35,0,-74,-58
40,90,321,2.5,0,2,2,6,126.639038,515,-34,-34,1,-23.3
38,90,321,0.5,0,-2,-0.8,70,132.9709899,455,30,0,64,50
32,90,326,-5.5,0,-6,-5.2,71,139.6195394,456,31,31,1,22.2
37,90,326,-0.5,0,5,2.3,17,146.6005164,435,-23,0,-54,-40.8
43,90,326,5.5,0,6,5.2,16,153.9305422,435,-24,-24,-1,-17.3
28,90,326,-9.5,0,-15,-11.3,68,161.6270693,456,28,0,52,42.8
29,90,326,-8.5,0,1,-2.9,66,165,473,26,26,-2,17.2
42,90,326,4.5,0,13,8.3,6,165,439,-34,0,-60,-50.4
37,90,326,-0.5,0,-5,-2.7,15,165,433,-25,-25,9,-13
35,90,326,-2.5,0,-2,-2,66,165,433,26,0,51,41.1
37,90,326,-0.5,0,2,0.8,71,165,433,31,31,5,24.2
42,90.5,2293,4.5,0,5,4.3,34,165,433,-6,0,-37,-22.1
45,91,2275,7.5,0,3,4.5,54,165,433,14,0,20,18.4
36,91.5,2261,-1.5,0,-9,-5.1,58,165,2550,18,18,4,14.6
35,92,2253,-2.5,0,-1,-1.5,75,165,2550,35,53,17,34.8
36,90,326,-1.5,0,1,-0.1,72,165,2550,32,85,-3,26.2
36,90.5,2238,-1.5,0,0,-0.6,76,165,2550,36,121,4,35.7
39,91,2222,1.5,0,3,2.1,81,90,2550,41,162,5,43.3
37,91.5,2205,-0.5,0,-2,-1.2,80,90,2550,40,202,-1,43.7
39,92,2192,1.5,0,2,1.6,81,90,2550,41,243,1,49.4
39,92.5,2170,1.5,0,0,0.6,35,90,416,-5,0,-46,-26
39,93,2177,1.5,0,0,0.6,26,94.5,376,-14,-14,-9,-14.3
44,93.5,2163,6.5,0,5,5.1,73,99.225,418,33,0,47,43.3
44,94,2122,6.5,0,0,2.6,42,104.18625,418,2,0,-31,-14.3
33,94.5,2550,-4.5,0,-11,-7.3,34,109.3955625,418,-6,0,-8,-7.6
39,95,2550,1.5,0,6,3.6,60,114.8653406,1244,20,0,26,25
44,95.5,2550,6.5,0,5,5.1,67,120.6086077,1244,27,27,7,22.4
30,96,2550,-7.5,0,-14,-10,58,126.639038,1244,18,45,-9,10.8
31,96.5,2550,-6.5,0,1,-2.1,62,132.9709899,1164,22,67,4,21.9
46,97,2550,8.5,0,15,10.9,74,139.6195394,1135,34,101,12,36.5
38,97.5,2550,0.5,0,-8,-3.8,48,90,357,8,0,-26,-8.2
22,98,2550,-15.5,0,-16,-14.2,60,94.5,357,20,20,12,20
38,98.5,2550,0.5,0,16,8.2,73,99.225,357,33,53,13,31.6
45,90,338,7.5,0,7,6.5,62,104.18625,364,22,75,-11,15.2
33,90.5,2116,-4.5,0,-12,-7.8,56,90,328,16,91,-6,15.7
33,91,2071,-4.5,0,0,-1.8,70,94.5,336,30,121,14,37.1
36,91.5,2036,-1.5,0,3,0.9,67,90,326,27,148,-3,29.5
38,92,2041,0.5,0,2,1.2,20,90,328,-20,0,-47,-35.5
38,92.5,2550,0.5,0,0,0.2,31,90,321,-9,0,11,0.1
38,93,1983,0.5,0,0,0.2,62,94.5,334,22,0,31,28.7
44,93.5,1974,6.5,0,6,5.6,55,90,321,15,15,-7,7
40,94,1963,2.5,0,-4,-1,41,90,330,1,0,-14,-6.4
37,94.5,1919,-0.5,0,-3,-1.7,43,90,326,3,0,2,2.8
39,95,1925,1.5,0,2,1.6,48,90,326,8,0,5,7.3
41,95.5,1800,3.5,0,2,2.4,48,90,326,8,0,0,4.8
39,96,1879,1.5,0,-2,-0.4,46,90,326,6,0,-2,2.6
36,96.5,1856,-1.5,0,-3,-2.1,47,90,326,7,0,1,4.7
36,97,1850,-1.5,0,0,-0.6,39,90,326,-1,0,-8,-4.6
33,97.5,1866,-4.5,0,-3,-3.3,40,90,326,0,0,1,0.5
36,98,1757,-1.5,0,3,0.9,49,90,328,9,0,9,9.9
46,98.5,1726,8.5,0,10,8.4,30,90,321,-10,0,-19,-15.5
31,99,1726,-6.5,0,-15,-10.1,43,90,321,3,0,13,8.3
30,99.5,1726,-7.5,0,-1,-3.5,45,90,321,5,0,2,4
47,100,1726,9.5,0,17,12.3,33,90,321,-7,0,-12,-10.2
52,100.5,1726,14.5,14.5,5,9.75,42,90,326,2,0,9,5.7
54,101,1726,16.5,31,2,10.7,44,90,326,4,0,2,3.4
68,101.5,1726,30.5,61.5,14,25.35,42,90,321,2,0,-2,0.2
62,102,1726,24.5,86,-6,15.4,41,90,330,1,0,-1,0.1
55,102.5,1597,17.5,103.5,-7,13.85,38,90,326,-2,0,-3,-2.7
55,103,1672,17.5,121,0,19.1,37,90,326,-3,0,-1,-2.3
53,103.5,1658,15.5,136.5,-2,18.85,39,90,321,-1,0,2,0.4
59,104,2550,21.5,158,6,27.4,46,90,326,6,0,7,7.1
56,104.5,2550,18.5,176.5,-3,23.55,42,90,326,2,0,-4,-0.8
49,105,2550,11.5,188,-7,19.9,28,90,326,-12,0,-14,-14.2
33,105.5,2550,-4.5,0,-16,-9.8,42,90,326,2,0,14,8.2
63,106,1519,25.5,0,30,25.2,44,90,326,4,0,2,3.4
80,106.5,2550,42.5,42.5,17,29.75,40,94.5,376,0,0,-4,-2
37,107,1509,-0.5,0,-43,-21.7,38,90,326,-2,0,-2,-2.2
32,107.5,2550,-5.5,0,-5,-4.7,42,94.5,340,2,0,4,3.2
64,108,2550,26.5,0,32,26.6,45,99.225,338,5,0,3,4.5
57,108.5,2550,19.5,19.5,-7,6.25,40,104.18625,338,0,0,-5,-2.5
53,109,2550,15.5,35,-4,7.7,40,90,321,0,0,0,0
55,109.5,2550,17.5,52.5,2,13.25,38,90,321,-2,0,-2,-2.2
56,110,2550,18.5,71,1,15,42,94.5,340,2,0,4,3.2
54,110.5,2550,16.5,87.5,-2,14.35,41,90,326,1,0,-1,0.1
56,111,2550,18.5,106,2,19,41,90,321,1,0,0,0.6
61,111.5,2550,23.5,129.5,5,24.85,38,90,326,-2,0,-3,-2.7
67,112,2550,29.5,159,6,30.7,41,90,326,1,0,3,2.1
62,112.5,2550,24.5,183.5,-5,25.65,41,90,324,1,0,0,0.6
60,113,2550,22.5,206,-2,28.6,44,90,326,4,0,3,3.9
54,113.5,2550,16.5,222.5,-6,25.85,44,94.5,349,4,0,0,2.4
53,114,2550,15.5,238,-1,29.5,42,90,321,2,0,-2,0.2
54,114.5,2550,16.5,254.5,1,32.55,38,90,321,-2,0,-4,-3.2
56,115,2550,18.5,273,2,35.7,41,90,321,1,0,3,2.1
14,115.5,2550,-23.5,0,-42,-30.4,39,90,329,-1,0,-2,-1.6
5,116,2550,-32.5,-32.5,-9,-20.75,42,94.5,348,2,0,3,2.7
24,116.5,2550,-13.5,-46,19,-0.5,40,99.225,357,0,0,-2,-1
48,117,2550,10.5,0,24,16.2,37,104.18625,349,-3,0,-3,-3.3
33,117.5,2550,-4.5,0,-15,-9.3,37,109.3955625,355,-3,0,0,-1.8
22,118,2550,-15.5,-15.5,-11,-13.25,40,114.8653406,336,0,0,3,1.5
42,118.5,2550,4.5,0,20,11.8,46,120.6086077,372,6,0,6,6.6
42,119,2550,4.5,0,0,1.8,39,126.639038,334,-1,0,-7,-4.1
33,119.5,2550,-4.5,0,-9,-6.3,36,90,326,-4,0,-3,-3.9
40,120,2550,2.5,0,7,4.5,38,94.5,353,-2,0,2,-0.2
43,120.5,2550,5.5,0,3,3.7,39,90,326,-1,0,1,-0.1
43,121,2550,5.5,0,0,2.2,42,94.5,357,2,0,3,2.7
41,121.5,2550,3.5,0,-2,0.4,41,99.225,361,1,0,-1,0.1
38,90,326,0.5,0,-3,-1.3,41,90,321,1,0,0,0.6
39,90,326,1.5,0,1,1.1,40,94.5,355,0,0,-1,-0.5
37,90,326,-0.5,0,-2,-1.2,43,99.225,408,3,0,3,3.3
39,90.5,2550,1.5,0,2,1.6,43,104.18625,341,3,0,0,1.8
35,91,2550,-2.5,0,-4,-3,42,109.3955625,357,2,0,-1,0.7
33,91.5,2550,-4.5,0,-2,-2.8,41,114.8653406,374,1,0,-1,0.1
41,92,2550,3.5,0,8,5.4,39,120.6086077,410,-1,0,-2,-1.6
37,92.5,2550,-0.5,0,-4,-2.2,40,126.639038,357,0,0,1,0.5
35,93,2550,-2.5,0,-2,-2,43,132.9709899,355,3,0,3,3.3
43,93.5,2550,5.5,0,8,6.2,39,139.6195394,349,-1,0,-4,-2.6
39,94,2550,1.5,0,-4,-1.4,37,146.6005164,370,-3,0,-2,-2.8
29,94.5,2550,-8.5,0,-10,-8.4,37,153.9305422,376,-3,0,0,-1.8
35,95,2550,-2.5,0,6,2,49,161.6270693,1763,9,0,12,11.4
40,95.5,2550,2.5,0,5,3.5,57,165,420,17,17,8,15.9
34,96,2550,-3.5,0,-6,-4.4,74,165,389,34,51,17,34
38,96.5,2550,0.5,0,4,2.2,67,165,366,27,78,-7,20.5
47,97,2550,9.5,0,9,8.3,66,165,1679,26,104,-1,25.5
36,97.5,2550,-1.5,0,-11,-6.1,71,90,326,31,135,5,34.6
35,98,2550,-2.5,0,-1,-1.5,73,90,326,33,168,2,37.6
41,98.5,2550,3.5,0,6,4.4,45,90,362,5,0,-28,-11
41,99,2550,3.5,0,0,1.4,31,94.5,334,-9,0,-14,-12.4
33,99.5,2550,-4.5,0,-8,-5.8,77,99.225,348,37,0,46,45.2
36,100,2550,-1.5,0,3,0.9,68,104.18625,380,28,28,-9,15.1
44,100.5,2550,6.5,0,8,6.6,85,90,321,45,73,17,42.8
34,101,2550,-3.5,0,-10,-6.4,41,90,326,1,0,-44,-21.4
31,101.5,2550,-6.5,0,-3,-4.1,10,90,326,-30,0,-31,-33.5
39,102,2550,1.5,0,8,4.6,78,94.5,2550,38,0,68,56.8
39,102.5,2550,1.5,0,0,0.6,73,99.225,2550,33,33,-5,20.6
36,103,2550,-1.5,0,-3,-2.1,36,104.18625,340,-4,0,-37,-20.9
42,103.5,2550,4.5,0,6,4.8,57,109.3955625,357,17,0,21,20.7
41,104,2550,3.5,0,-1,0.9,64,114.8653406,357,24,24,7,20.3
35,104.5,2550,-2.5,0,-6,-4,67,120.6086077,353,27,51,3,22.8
36,105,2183,-1.5,0,1,-0.1,62,126.639038,2550,22,73,-5,18
41,105.5,2550,3.5,0,5,3.9,65,132.9709899,2550,25,98,3,26.3
39,106,2550,1.5,0,-2,-0.4,68,139.6195394,2550,28,126,3,30.9
37,106.5,2550,-0.5,0,-2,-1.2,71,90,336,31,157,3,35.8
43,107,2550,5.5,0,6,5.2,62,90,328,22,179,-9,26.6
50,107.5,2550,12.5,12.5,7,9.75,23,90,326,-17,0,-39,-29.7
30,108,2550,-7.5,0,-20,-13,55,90,321,15,0,32,25
29,108.5,2550,-8.5,0,-1,-3.9,63,90,321,23,23,8,20.1
40,109,2550,2.5,0,11,6.5,59,90,326,19,42,-4,13.6
39,109.5,2550,1.5,0,-1,0.1,55,90,326,15,57,-4,12.7
35,110,2550,-2.5,0,-4,-3,52,90,321,12,69,-3,12.6
33,110.5,2550,-4.5,0,-2,-2.8,42,90,326,2,0,-10,-3.8
40,111,2550,2.5,0,7,4.5,44,90,321,4,0,2,3.4
38,111.5,2550,0.5,0,-2,-0.8,57,90,321,17,17,13,18.4
36,112,2550,-1.5,0,-2,-1.6,44,90,321,4,0,-13,-4.1
56,112.5,2550,18.5,0,20,17.4,40,90,326,0,0,-4,-2
51,113,2550,13.5,13.5,-5,4.25,46,90,321,6,0,6,6.6
50,113.5,2550,12.5,26,-1,7.1,44,90,326,4,0,-2,1.4
56,114,2550,18.5,44.5,6,14.85,37,90,321,-3,0,-7,-5.3
60,90,391,22.5,67,4,17.7,44,90,326,4,0,7,5.9
57,90,391,19.5,86.5,-3,14.95,42,90,321,2,0,-2,0.2
52,90.5,2550,14.5,101,-5,13.4,41,90,321,1,0,-1,0.1
49,90,329,11.5,112.5,-3,14.35,39,90,326,-1,0,-2,-1.6
52,90,330,14.5,127,3,20,42,90,321,2,0,3,2.7
54,90.5,2465,16.5,143.5,2,21.95,42,90,321,2,0,0,1.2
53,91,2550,15.5,159,-1,21.6,42,90,326,2,0,0,1.2
36,91.5,2550,-1.5,0,-17,-9.1,41,90,321,1,0,-1,0.1
54,92,2550,16.5,0,18,15.6,42,90,330,2,0,1,1.7
70,92.5,2550,32.5,32.5,16,24.25,41,90,321,1,0,-1,0.1
76,93,2550,38.5,71,6,25.5,39,90,326,-1,0,-2,-1.6
48,93.5,2550,10.5,81.5,-28,-1.65,44,90,321,4,0,5,4.9
37,94,2550,-0.5,0,-11,-5.7,37,90,326,-3,0,-7,-5.3
55,94.5,1404,17.5,0,18,16,50,90,326,10,0,13,12.5
59,95,1400,21.5,21.5,4,12.75,26,94.5,336,-14,0,-24,-20.4
52,95.5,2550,14.5,36,-7,5.9,42,99.225,357,2,0,16,9.2
56,96,1349,18.5,54.5,4,14.85,46,90,329,6,0,4,5.6
62,96.5,1349,24.5,79,6,20.7,38,94.5,355,-2,0,-8,-5.2
60,97,1343,22.5,101.5,-2,18.15,44,99.225,362,4,0,6,5.4
52,97.5,2550,14.5,116,-8,13.4,37,104.18625,357,-3,0,-7,-5.3
53,98,2550,15.5,131.5,1,19.85,32,109.3955625,364,-8,0,-5,-7.3
50,98.5,2550,12.5,144,-3,17.9,46,114.8653406,355,6,0,14,10.6
43,99,2550,5.5,0,-7,-1.3,44,120.6086077,349,4,0,-2,1.4
61,99.5,2550,23.5,23.5,18,20.75,31,126.639038,349,-9,0,-13,-11.9
62,100,2550,24.5,48,1,15.1,44,132.9709899,340,4,0,13,8.9
59,100.5,2550,21.5,69.5,-3,14.05,55,139.6195394,347,15,15,11,16
60,101,2550,22.5,92,1,18.7,29,146.6005164,348,-11,0,-26,-19.6
59,101.5,2550,21.5,113.5,-1,19.45,39,90,328,-1,0,10,4.4
63,102,2550,25.5,139,4,26.1,47,90,328,7,0,8,8.2
64,102.5,2550,26.5,165.5,1,27.65,27,90,329,-13,0,-20,-17.8
48,103,2550,10.5,176,-16,13.8,44,94.5,336,4,0,17,10.9
15,103.5,2550,-22.5,0,-33,-25.5,51,99.225,353,11,11,7,11.2
21,104,2550,-16.5,-16.5,6,-5.25,24,104.18625,365,-16,0,-27,-23.1
56,104.5,2550,18.5,0,35,24.9,38,109.3955625,345,-2,0,14,5.8
51,105,2550,13.5,13.5,-5,4.25,50,114.8653406,347,10,0,12,12
37,105.5,2550,-0.5,0,-14,-7.2,31,120.6086077,349,-9,0,-19,-14.9
43,106,2550,5.5,0,6,5.2,41,126.639038,336,1,0,10,5.6
42,106.5,2550,4.5,0,-1,1.3,47,132.9709899,340,7,0,6,7.2
51,107,2550,13.5,13.5,9,11.25,39,90,321,-1,0,-8,-4.6
34,107.5,2550,-3.5,0,-17,-9.9,35,90,321,-5,0,-4,-5
33,108,2550,-4.5,0,-1,-2.3,40,90,321,0,0,5,2.5
42,108.5,2550,4.5,0,9,6.3,46,90,329,6,0,6,6.6
45,90,399,7.5,0,3,4.5,39,90,321,-1,0,-7,-4.1
39,90,399,1.5,0,-6,-2.4,39,90,328,-1,0,0,-0.6
35,90,353,-2.5,0,-4,-3,41,94.5,334,1,0,2,1.6
40,90,321,2.5,0,5,3.5,45,90,330,5,0,4,5
39,90,321,1.5,0,-1,0.1,48,90,321,8,0,3,6.3
34,90,326,-3.5,0,-5,-3.9,31,90,326,-9,0,-17,-13.9
32,90,326,-5.5,0,-2,-3.2,37,90,326,-3,0,6,1.2
48,90,321,10.5,0,16,12.2,46,94.5,338,6,0,9,8.1
28,90,326,-9.5,0,-20,-13.8,37,90,321,-3,0,-9,-6.3
29,90,326,-8.5,0,1,-2.9,36,94.5,340,-4,0,-1,-2.9
42,90,392,4.5,0,13,8.3,41,90,326,1,0,5,3.1
39,90,399,1.5,0,-3,-0.9,43,90,329,3,0,2,2.8
30,90,399,-7.5,0,-9,-7.5,39,94.5,340,-1,0,-4,-2.6
37,90,399,-0.5,0,7,3.3,39,99.225,357,-1,0,0,-0.6
39,90.5,2206,1.5,0,2,1.6,39,104.18625,357,-1,0,0,-0.6
