,,,,,,,,,,,,,
,,,,,,,,,,,,,
Variable-Veh 1 Color,Variable-Veh 1 Distance,Variable-Veh 1 Speed,Variable-Veh 1 Deviation,Variable-Veh 1 Integral,Variable-Veh 1 Derivative,Variable-Veh 1 angle,Variable-Veh 2 Color,Variable-Veh 2 Distance,Variable-Veh 2 Speed,Variable-Veh 2 Deviation,Variable-Veh 2 Integral,Variable-Veh 2 Derivative,Variable-Veh 2 angle
41,2336,91,3.5,0,-1,0.9,52,687,99.225,12,25,-1,9.2
17,2049,91.5,-20.5,0,-24,-20.2,54,687,104.18625,14,39,2,13.3
33,2019,92,-4.5,0,16,6.2,49,687,109.3955625,9,0,-5,2.9
67,2282,92.5,29.5,0,34,28.8,22,687,114.8653406,-18,0,-27,-24.3
37,1936,93,-0.5,0,-30,-15.2,19,687,120.6086077,-21,-21,-3,-16.2
6,1946,93.5,-31.5,-31.5,-31,-31.25,48,687,126.639038,8,0,29,19.3
43,1919,94,5.5,0,37,20.7,62,687,132.9709899,22,22,14,22.4
77,1927,94.5,39.5,39.5,34,36.75,67,687,139.6195394,27,49,5,23.6
46,1885,95,8.5,0,-31,-12.1,17,365,146.6005164,-23,0,-50,-38.8
5,1862,95.5,-32.5,0,-41,-33.5,5,2550,153.9305422,-35,-35,-12,-30.5
36,1831,96,-1.5,0,31,14.9,27,2550,161.6270693,-13,-48,22,-1.6
72,1843,96.5,34.5,0,36,31.8,71,2550,165,31,0,44,40.6
41,1807,97,3.5,0,-31,-14.1,62,2550,165,22,22,-9,10.9
6,1795,97.5,-31.5,0,-35,-30.1,36,1122,165,-4,0,-26,-15.4
22,1762,98,-15.5,-15.5,16,0.25,10,1920,165,-30,-30,-26,-34
75,1748,98.5,37.5,0,53,41.5,20,1791,165,-20,-50,10,-12
69,1740,99,31.5,31.5,-6,12.75,69,1007,165,29,0,49,41.9
10,1722,99.5,-27.5,0,-59,-40.5,74,899,165,34,34,5,26.3
12,1708,100,-25.5,-25.5,2,-11.75,69,2550,165,29,63,-5,21.2
63,1692,100.5,25.5,0,51,35.7,27,1290,165,-13,0,-42,-28.8
64,1676,101,26.5,26.5,1,13.75,19,1965,165,-21,-21,-8,-18.7
12,1662,101.5,-25.5,0,-52,-36.2,36,1210,165,-4,0,17,6.1
6,1640,102,-31.5,-31.5,-6,-18.75,74,1183,165,34,0,38,39.4
55,1628,102.5,17.5,0,49,31.5,76,1155,165,36,36,2,26.2
69,1607,103,31.5,31.5,14,22.75,80,2550,165,40,76,4,33.6
13,1588,103.5,-24.5,0,-56,-37.8,79,1534,165,39,115,-1,34.4
4,1573,104,-33.5,-33.5,-9,-21.25,78,1466,90,38,153,-1,37.6
56,1558,104.5,18.5,0,52,33.4,73,1452,90,33,186,-5,35.9
73,1547,105,35.5,35.5,17,26.25,70,1426,90,30,216,-3,38.1
12,1528,105.5,-25.5,0,-61,-40.7,18,2550,90,-22,0,-52,-39.2
5,1511,106,-32.5,-32.5,-7,-19.75,5,1397,94.5,-35,-35,-13,-31
58,1499,106.5,20.5,0,53,34.7,66,1351,99.225,26,0,61,46.1
74,1482,107,36.5,36.5,16,26.25,82,1376,104.18625,42,42,16,37.4
16,1464,107.5,-21.5,0,-58,-37.6,87,2550,109.3955625,47,89,5,39.6
5,1452,108,-32.5,-32.5,-11,-21.75,77,2550,114.8653406,37,126,-10,29.8
46,1430,108.5,8.5,0,41,23.9,9,1397,90,-31,0,-68,-52.6
68,1413,109,30.5,30.5,22,26.25,5,1389,94.5,-35,-35,-4,-26.5
21,1397,109.5,-16.5,0,-47,-30.1,9,2550,99.225,-31,-66,4,-23.2
5,1385,110,-32.5,-32.5,-16,-24.25,67,2550,104.18625,27,0,58,45.2
43,1381,110.5,5.5,0,38,21.2,70,2550,109.3955625,30,30,3,22.5
71,1352,111,33.5,33.5,28,30.75,75,2550,114.8653406,35,65,5,30
41,1352,111.5,3.5,0,-30,-13.6,74,2550,120.6086077,34,99,-1,29.8
8,1352,112,-29.5,0,-33,-28.3,73,1337,126.639038,33,132,-1,32.5
53,1352,112.5,15.5,0,45,28.7,71,2550,90,31,163,-2,33.9
78,1352,113,40.5,40.5,25,32.75,70,2550,90,30,193,-1,36.8
78,1352,113.5,40.5,81,0,24.3,70,2550,90,30,223,0,40.3
78,1352,114,40.5,121.5,0,28.35,66,1210,90,26,249,-4,38.5
79,1352,114.5,41.5,163,1,33.4,31,2550,90,-9,0,-35,-22.9
78,1227,115,40.5,203.5,-1,36.05,5,893,94.5,-35,-35,-26,-37.5
61,1219,115.5,23.5,227,-17,23.6,27,2420,99.225,-13,-48,22,-1.6
15,1219,116,-22.5,0,-46,-32,77,2550,104.18625,37,0,50,47.2
12,1210,116.5,-25.5,-25.5,-3,-14.25,71,2550,109.3955625,31,31,-6,18.7
78,1183,117,40.5,0,66,49.2,66,1271,114.8653406,26,57,-5,18.8
75,1164,117.5,37.5,37.5,-3,17.25,66,1702,120.6086077,26,83,0,23.9
52,1162,118,14.5,52,-23,-0.5,65,1162,126.639038,25,108,-1,25.3
82,1148,118.5,44.5,96.5,30,42.45,66,1201,90,26,134,1,29.5
83,1138,119,45.5,142,1,32.9,66,1196,90,26,160,0,31.6
78,1817,119.5,40.5,182.5,-5,31.95,69,1202,90,29,189,3,37.8
79,1799,120,41.5,224,1,39.5,40,1254,90,0,0,-29,-14.5
68,1779,120.5,30.5,254.5,-11,32.15,5,2550,94.5,-35,-35,-35,-42
6,1756,121,-31.5,0,-62,-43.6,4,2550,99.225,-36,-71,-1,-29.2
5,1741,121.5,-32.5,-32.5,-1,-16.75,27,1237,104.18625,-13,-84,23,-4.7
49,1726,122,11.5,0,44,26.6,71,2550,109.3955625,31,0,44,40.6
66,1714,122.5,28.5,28.5,17,22.75,77,1227,114.8653406,37,37,6,28.9
53,1687,123,15.5,44,-13,4.1,17,1271,120.6086077,-23,0,-60,-43.8
62,1666,123.5,24.5,68.5,9,21.15,13,2354,126.639038,-27,-27,-4,-20.9
78,1649,124,40.5,109,16,35.1,32,2550,132.9709899,-8,0,19,4.7
78,1633,124.5,40.5,149.5,0,31.15,59,2550,139.6195394,19,0,27,24.9
67,1619,125,29.5,179,-11,24.2,61,2271,146.6005164,21,21,2,15.7
52,1611,125.5,14.5,193.5,-15,17.65,49,2253,153.9305422,9,0,-12,-0.6
47,1607,126,9.5,0,-5,1.3,26,2238,161.6270693,-14,0,-23,-19.9
77,1607,126.5,39.5,39.5,30,34.75,25,1227,165,-15,-15,-1,-11
78,2550,127,40.5,80,1,24.7,59,2550,165,19,0,34,28.4
70,2550,127.5,32.5,112.5,-8,20.25,65,2265,165,25,25,6,20.5
43,2550,128,5.5,0,-27,-11.3,57,1155,165,17,42,-8,10.4
27,2550,128.5,-10.5,0,-16,-12.2,26,1179,165,-14,0,-31,-23.9
61,2550,129,23.5,0,34,26.4,8,1119,165,-32,-32,-18,-31.4
72,2550,129.5,34.5,34.5,11,22.75,29,2290,165,-11,-43,21,-0.4
53,2550,130,15.5,50,-19,1.7,71,2116,165,31,0,42,39.6
15,2550,130,-22.5,0,-38,-28,67,2550,165,27,27,-4,16.9
16,2550,130,-21.5,-21.5,1,-10.25,7,2100,165,-33,0,-60,-49.8
73,2550,130,35.5,0,57,42.7,5,1031,165,-35,-35,-2,-25.5
70,2550,130,32.5,32.5,-3,14.75,5,2550,165,-35,-70,0,-28
6,2550,130,-31.5,0,-64,-44.6,54,2108,165,14,0,49,32.9
5,2550,130,-32.5,-32.5,-1,-16.75,72,2550,165,32,32,18,31.4
64,2550,130,26.5,0,59,40.1,75,2550,165,35,67,3,29.2
73,2550,130,35.5,35.5,9,22.25,45,2550,165,5,0,-30,-12
26,2550,130,-11.5,0,-47,-28.1,5,970,165,-35,0,-40,-41
6,2550,130,-31.5,-31.5,-20,-25.75,5,2550,165,-35,-35,0,-24.5
16,2550,130,-21.5,-53,10,-8.9,15,2550,165,-25,-60,10,-16
60,2550,130,22.5,0,44,31,65,1808,165,25,0,50,40
71,2550,130,33.5,33.5,11,22.25,71,1762,165,31,31,6,24.7
13,2550,130,-24.5,0,-58,-38.8,64,1722,165,24,55,-7,16.4
7,2550,130,-30.5,-30.5,-6,-18.25,38,1694,165,-2,0,-26,-14.2
71,2550,130,33.5,0,64,45.4,9,1679,165,-31,-31,-29,-36.2
77,2550,130,39.5,39.5,6,22.75,14,1650,165,-26,-57,5,-18.8
22,2550,130,-15.5,0,-55,-33.7,65,1611,165,25,0,51,40.5
14,1797,130,-23.5,-23.5,-8,-15.75,67,1603,165,27,27,2,19.9
62,2370,130,24.5,0,48,33.8,62,1564,165,22,49,-5,15.6
68,1825,130,30.5,30.5,6,18.25,28,1536,165,-12,0,-34,-24.2
20,1783,130,-17.5,0,-48,-31,8,1519,165,-32,-32,-20,-32.4
5,1732,130,-32.5,-32.5,-15,-23.75,34,1472,165,-6,0,26,9.4
56,1723,130,18.5,0,51,32.9,64,1456,165,24,0,30,29.4
69,2390,130,31.5,31.5,13,22.25,64,1435,165,24,24,0,16.8
18,1665,130,-19.5,0,-51,-33.3,46,1418,165,6,0,-18,-5.4
6,1641,130,-31.5,-31.5,-12,-21.75,29,1387,165,-11,0,-17,-15.1
41,1640,130,3.5,0,35,18.9,21,1385,165,-19,-19,-8,-17.3
68,1678,130,30.5,30.5,27,28.75,53,1385,165,13,0,32,23.8
33,1616,130,-4.5,0,-35,-19.3,71,1326,165,31,31,18,30.7
5,1572,130,-32.5,-32.5,-28,-30.25,70,1326,165,30,61,-1,23.6
29,1558,130,-8.5,0,24,8.6,72,1326,165,32,93,2,29.5
77,1528,130,39.5,0,48,39.8,75,1254,165,35,128,3,35.3
49,1529,130,11.5,11.5,-28,-8.25,74,1227,90,34,162,-1,36.1
6,1490,130,-31.5,0,-43,-34.1,73,1210,90,33,195,-1,38.8
14,1486,130,-23.5,-23.5,8,-7.75,75,1196,90,35,230,2,45
73,1486,130,35.5,0,59,43.7,59,1202,90,19,249,-16,28.3
78,1472,130,40.5,40.5,5,22.75,9,1902,90,-31,0,-50,-43.6
19,1472,130,-18.5,0,-59,-36.9,5,1877,94.5,-35,-35,-4,-26.5
5,1472,130,-32.5,-32.5,-14,-23.25,37,1174,99.225,-3,0,32,14.2
60,1472,130,22.5,0,55,36.5,85,1168,104.18625,45,0,48,51
79,1472,130,41.5,41.5,19,30.25,85,1139,109.3955625,45,45,0,31.5
28,2550,130,-9.5,0,-51,-29.3,54,1156,114.8653406,14,59,-31,-1.2
5,2550,130,-32.5,-32.5,-23,-27.75,6,1800,120.6086077,-34,0,-48,-44.4
18,2550,130,-19.5,-52,13,-6.5,11,1783,126.639038,-29,-29,5,-17.8
62,1856,130,24.5,0,44,31.8,68,1162,132.9709899,28,0,57,45.3
51,1408,130,13.5,13.5,-11,1.25,62,1767,139.6195394,22,22,-6,12.4
6,2063,130,-31.5,0,-45,-35.1,68,1746,146.6005164,28,50,6,24.8
7,2072,130,-30.5,-30.5,1,-14.75,68,1718,153.9305422,28,78,0,24.6
67,2047,130,29.5,0,60,41.8,68,1702,161.6270693,28,106,0,27.4
73,1366,130,35.5,35.5,6,20.75,71,1672,90,31,137,3,33.8
7,2550,130,-30.5,0,-66,-45.2,77,1638,90,37,174,6,42.6
5,2382,130,-32.5,-32.5,-2,-17.25,75,1633,90,35,209,-2,40.9
47,2340,130,9.5,0,42,24.8,72,1619,90,32,241,-3,41.8
61,2550,130,23.5,23.5,14,18.75,62,1089,90,22,263,-10,34.5
26,1280,130,-11.5,0,-35,-22.1,14,1076,90,-26,0,-48,-39.6
18,1250,130,-19.5,-19.5,-8,-13.75,5,1093,94.5,-35,-35,-9,-29
73,2550,130,35.5,0,55,41.7,60,1076,99.225,20,0,55,39.5
71,2230,130,33.5,33.5,-2,15.75,72,326,90,32,32,12,28.4
64,2230,130,26.5,60,-7,13.1,70,1173,94.5,30,62,-2,23.2
67,2227,130,29.5,89.5,3,22.25,66,2550,99.225,26,88,-4,22.4
71,2227,130,33.5,123,4,27.7,39,362,104.18625,-1,0,-27,-14.1
74,336,80,36.5,159.5,3,32.05,11,2304,109.3955625,-29,-29,-28,-34.3
78,2163,80.5,40.5,200,4,38.2,19,2550,114.8653406,-21,-50,8,-13.6
78,1122,81,40.5,240.5,0,40.25,62,1138,120.6086077,22,0,43,34.7
80,1114,81.5,42.5,283,2,46.3,66,2550,126.639038,26,26,4,20.2
80,1062,82,42.5,325.5,0,49.55,56,1525,132.9709899,16,42,-10,8.8
32,1080,82.5,-5.5,0,-48,-26.2,26,1119,139.6195394,-14,0,-30,-23.4
5,1076,83,-32.5,-32.5,-27,-29.75,12,2550,146.6005164,-28,-28,-14,-26.6
15,1066,83.5,-22.5,-55,10,-9.5,43,2550,153.9305422,3,0,31,17.3
88,1046,84,50.5,0,73,56.7,66,1166,161.6270693,26,26,23,29.7
79,1042,84.5,41.5,41.5,-9,16.25,69,2550,165,29,55,3,24.4
37,1024,85,-0.5,0,-42,-21.2,56,954,165,16,71,-13,10.2
34,1028,85.5,-3.5,0,-3,-2.9,11,1111,165,-29,0,-45,-39.9
75,1001,86,37.5,0,41,35.5,4,1054,165,-36,-36,-7,-28.7
74,998,86.5,36.5,36.5,-1,17.75,29,1046,165,-11,-47,25,1.2
30,979,87,-7.5,0,-44,-25,63,2550,165,23,0,34,30.8
26,2550,87.5,-11.5,-11.5,-4,-7.75,69,1012,165,29,29,6,23.3
79,1906,88,41.5,0,53,43.1,47,972,165,7,0,-22,-6.8
78,960,88.5,40.5,40.5,-1,19.75,16,984,165,-24,0,-31,-29.9
70,2550,89,32.5,73,-8,16.3,17,1054,165,-23,-23,1,-15.6
59,2550,89.5,21.5,94.5,-11,12.55,65,982,165,25,0,48,39
56,2550,90,18.5,113,-3,17.2,66,1024,165,26,26,1,18.7
63,2550,90.5,25.5,138.5,7,27.55,25,899,165,-15,0,-41,-29.5
52,2550,91,14.5,153,-11,15.6,8,921,165,-32,-32,-17,-30.9
25,2550,91.5,-12.5,0,-27,-18.5,37,2409,165,-3,0,29,12.7
53,871,92,15.5,0,28,20.2,73,937,165,33,0,36,37.8
78,856,92.5,40.5,40.5,25,32.75,57,842,165,17,17,-16,3.9
78,864,93,40.5,81,0,24.3,8,840,165,-32,0,-49,-43.7
77,1152,93.5,39.5,120.5,-1,27.35,5,818,165,-35,-35,-3,-26
66,2550,94,28.5,149,-11,20.8,51,782,165,11,0,46,29.6
45,2550,94.5,7.5,0,-21,-7.5,65,2550,165,25,25,14,24.5
58,2550,95,20.5,20.5,13,16.75,61,780,165,21,46,-4,15.2
76,2550,95.5,38.5,59,18,30.3,43,765,165,3,0,-18,-7.2
69,2550,96,31.5,90.5,-7,18.15,18,757,165,-22,0,-25,-25.7
20,2550,96.5,-17.5,0,-49,-31.5,18,757,165,-22,-22,0,-15.4
11,2494,97,-26.5,-26.5,-9,-17.75,63,748,165,23,0,45,36.3
75,2473,97.5,37.5,0,64,47,72,1679,165,32,32,9,26.9
77,2457,98,39.5,39.5,2,20.75,50,734,165,10,42,-22,-0.8
55,2456,98.5,17.5,57,-22,1.7,7,750,165,-33,0,-43,-41.3
30,2443,99,-7.5,0,-25,-15.5,7,728,165,-33,-33,0,-23.1
40,2430,99.5,2.5,0,10,6,77,728,165,37,0,70,57.2
69,2416,100,31.5,31.5,29,30.25,71,2550,165,31,31,-6,18.7
59,2405,100.5,21.5,53,-10,8.9,64,2550,165,24,55,-7,16.4
6,2390,101,-31.5,0,-53,-39.1,36,2124,165,-4,0,-28,-16.4
4,2378,101.5,-33.5,-33.5,-2,-17.75,6,2550,165,-34,-34,-30,-38.8
70,2354,102,32.5,0,66,46,30,2550,165,-10,-44,24,1.6
77,2340,102.5,39.5,39.5,7,23.25,80,2550,165,40,0,50,49
21,2340,103,-16.5,0,-56,-34.6,80,1372,165,40,40,0,28
6,2340,103.5,-31.5,-31.5,-15,-23.25,37,2550,165,-3,0,-43,-23.3
25,2320,104,-12.5,-44,19,0.1,7,1288,165,-33,-33,-30,-38.1
61,2306,104.5,23.5,0,36,27.4,12,1286,165,-28,-61,5,-20.4
55,2291,105,17.5,17.5,-6,5.75,72,1255,165,32,0,60,49.2
15,2282,105.5,-22.5,0,-40,-29,67,2550,165,27,27,-5,16.4
19,2265,106,-18.5,-18.5,4,-7.25,61,2282,165,21,48,-6,14.4
71,2252,106.5,33.5,0,52,39.4,62,2550,165,22,70,1,20.7
72,2230,107,34.5,34.5,1,17.75,67,2550,165,27,97,5,28.4
7,2550,107.5,-30.5,0,-65,-44.7,70,2154,165,30,127,3,32.2
5,2550,108,-32.5,-32.5,-2,-17.25,77,2550,90,37,164,7,42.1
66,2550,108.5,28.5,0,61,41.9,75,1145,90,35,199,-2,39.9
67,2550,109,29.5,29.5,1,15.25,84,1119,90,44,243,9,55.2
13,2550,109.5,-24.5,0,-54,-36.8,85,1093,90,45,288,1,56.3
5,2550,110,-32.5,-32.5,-8,-20.25,82,1058,90,42,330,-3,56.7
35,2550,110.5,-2.5,0,30,14,73,1044,90,33,363,-9,51.6
57,2550,111,19.5,0,22,18.8,80,1052,90,40,403,7,67.8
21,2550,111.5,-16.5,0,-36,-24.6,6,595,90,-34,0,-74,-57.4
6,2550,112,-31.5,-31.5,-15,-23.25,8,605,94.5,-32,-32,2,-21.4
49,2550,112.5,11.5,0,43,26.1,5,559,99.225,-35,-67,-3,-29.2
70,2550,113,32.5,32.5,21,26.75,8,574,104.18625,-32,-99,3,-27.6
24,2550,113.5,-13.5,0,-46,-28.4,6,574,109.3955625,-34,-133,-2,-34.7
6,2550,114,-31.5,-31.5,-18,-24.75,5,758,90,-35,-168,-1,-38.3
22,2550,114.5,-15.5,-47,16,-2.9,5,2550,90,-35,-203,0,-41.3
61,2550,115,23.5,0,39,28.9,5,2550,90,-35,-238,0,-44.8
55,2550,115.5,17.5,17.5,-6,5.75,72,2550,90,32,0,67,52.7
10,2550,116,-27.5,0,-45,-33.5,75,1848,94.5,35,35,3,26
9,2550,116.5,-28.5,-28.5,-1,-14.75,79,2550,99.225,39,74,4,32.8
74,2550,117,36.5,0,65,47.1,80,1746,104.18625,40,114,1,35.9
76,2550,117.5,38.5,38.5,2,20.25,82,2550,90,42,156,2,41.8
6,2550,118,-31.5,0,-70,-47.6,82,2550,90,42,198,0,45
5,2550,118.5,-32.5,-32.5,-1,-16.75,82,864,90,42,240,0,49.2
75,2550,119,37.5,0,70,50,82,864,90,42,282,0,53.4
77,2550,119.5,39.5,39.5,2,20.75,81,864,90,41,323,-1,56.4
30,2550,120,-7.5,0,-47,-26.5,68,758,90,28,351,-13,45.4
14,2550,120.5,-23.5,-23.5,-16,-19.75,6,658,90,-34,0,-62,-51.4
63,2550,121,25.5,0,49,34.7,5,654,94.5,-35,-35,-1,-25
74,1824,121.5,36.5,36.5,11,23.75,4,639,99.225,-36,-71,-1,-29.2
29,2550,122,-8.5,0,-45,-25.9,5,660,104.18625,-35,-106,1,-31.1
5,2550,122.5,-32.5,-32.5,-24,-28.25,56,670,90,16,0,51,35.1
29,2550,123,-8.5,0,24,8.6,67,714,94.5,27,27,11,24.4
70,1786,123.5,32.5,0,41,33.5,67,714,99.225,27,54,0,21.6
38,1764,124,0.5,0,-32,-15.8,65,714,104.18625,25,79,-2,21.9
5,1764,124.5,-32.5,0,-33,-29.5,59,689,109.3955625,19,98,-6,18.2
10,2550,125,-27.5,-27.5,5,-11.25,44,698,114.8653406,4,0,-15,-5.1
64,1738,125.5,26.5,0,54,37.6,14,681,120.6086077,-26,0,-30,-30.6
74,2550,126,36.5,36.5,10,23.25,22,728,126.639038,-18,-18,8,-8.6
16,2550,126.5,-21.5,0,-58,-37.6,69,693,132.9709899,29,0,47,40.9
5,1680,127,-32.5,-32.5,-11,-21.75,83,698,139.6195394,43,43,14,37.1
45,1672,127.5,7.5,0,40,23,40,742,146.6005164,0,0,-43,-21.5
72,1640,128,34.5,34.5,27,30.75,5,726,153.9305422,-35,-35,-35,-42
46,2550,128.5,8.5,0,-26,-9.6,5,730,161.6270693,-35,-70,0,-28
6,2550,129,-31.5,0,-40,-32.6,33,689,165,-7,0,28,9.8
26,1573,129.5,-11.5,-11.5,20,4.25,68,726,165,28,0,35,34.3
76,1571,130,38.5,0,50,40.4,64,718,165,24,24,-4,14.8
54,1572,130,16.5,16.5,-22,-2.75,30,689,165,-10,0,-34,-23
16,2550,130,-21.5,0,-38,-27.6,22,704,165,-18,-18,-8,-16.6
46,1498,130,8.5,0,30,18.4,66,326,90,26,0,44,37.6
78,1474,130,40.5,40.5,32,36.25,70,693,94.5,30,30,4,23
71,1456,130,33.5,74,-7,17.3,66,658,99.225,26,56,-4,19.2
53,1422,130,15.5,89.5,-18,6.15,18,658,104.18625,-22,0,-48,-37.2
68,1444,130,30.5,120,15,31.7,5,658,109.3955625,-35,-35,-13,-31
74,2550,130,36.5,156.5,6,33.25,27,658,114.8653406,-13,-48,22,-1.6
70,2550,130,32.5,189,-4,29.9,66,705,120.6086077,26,0,39,35.1
69,1422,130,31.5,220.5,-1,34.15,69,710,126.639038,29,29,3,21.8
63,2550,130,25.5,246,-6,31.8,64,720,132.9709899,24,53,-5,17.2
38,2550,130,0.5,0,-25,-12.3,10,710,139.6195394,-30,0,-54,-45
19,2550,130,-18.5,0,-19,-16.9,10,706,146.6005164,-30,-30,0,-21
76,2550,130,38.5,0,57,43.9,23,712,153.9305422,-17,-47,13,-8.4
82,2550,130,44.5,44.5,6,25.25,59,744,161.6270693,19,0,36,29.4
80,2550,130,42.5,87,-2,24.7,70,736,165,30,30,11,26.5
73,2550,130,35.5,122.5,-7,22.95,59,736,165,19,49,-11,10.8
64,2550,130,26.5,149,-9,21,22,691,165,-18,0,-37,-29.3
48,2550,130,10.5,159.5,-16,12.15,7,680,165,-33,-33,-15,-30.6
27,2550,130,-10.5,0,-21,-14.7,32,720,165,-8,0,25,7.7
58,2550,130,20.5,0,31,23.7,66,679,165,26,0,34,32.6
78,2550,130,40.5,40.5,20,30.25,57,704,165,17,17,-9,7.4
80,2550,130,42.5,83,2,26.3,15,704,165,-25,0,-42,-36
79,2550,130,41.5,124.5,-1,28.55,9,693,165,-31,-31,-6,-24.7
79,2550,130,41.5,166,0,33.2,50,693,165,10,0,41,26.5
79,2550,130,41.5,207.5,0,37.35,67,693,165,27,27,17,27.4
52,2550,130,14.5,222,-27,14.5,46,693,165,6,0,-21,-6.9
19,2550,130,-18.5,0,-33,-23.9,8,578,165,-32,0,-38,-38.2
52,2550,130,14.5,0,33,22.3,11,672,165,-29,-29,3,-18.8
80,2550,130,42.5,42.5,28,35.25,70,2550,165,30,0,59,47.5
80,2550,130,42.5,85,0,25.5,70,2550,165,30,30,0,21
75,2550,130,37.5,122.5,-5,24.75,66,2550,165,26,56,-4,19.2
61,2550,130,23.5,146,-14,17,47,2550,165,7,0,-19,-5.3
37,2550,130,-0.5,0,-24,-12.2,11,2167,165,-29,0,-36,-35.4
21,2550,130,-16.5,-16.5,-16,-16.25,8,2550,165,-32,-32,-3,-23.9
54,2550,130,16.5,0,33,23.1,65,2550,165,25,0,57,43.5
75,2550,130,37.5,37.5,21,29.25,79,1557,165,39,39,14,34.3
10,2550,130,-27.5,0,-65,-43.5,60,891,165,20,59,-19,8.4
6,2550,130,-31.5,-31.5,-4,-17.75,18,2550,165,-22,0,-42,-34.2
62,2550,130,24.5,0,56,37.8,35,1503,165,-5,0,17,5.5
54,2550,130,16.5,16.5,-8,4.25,69,2550,165,29,0,34,34.4
15,2550,130,-22.5,0,-39,-28.5,67,2550,165,27,27,-2,17.9
11,2550,130,-26.5,-26.5,-4,-15.25,70,1422,165,30,57,3,25.2
58,2550,130,20.5,0,47,31.7,66,1436,165,26,83,-4,21.9
73,2550,130,35.5,35.5,15,25.25,68,2550,165,28,111,2,28.9
18,2550,130,-19.5,0,-55,-35.3,72,2550,90,32,143,4,35.5
6,2550,130,-31.5,-31.5,-12,-21.75,70,2550,90,30,173,-2,34.3
76,2550,130,38.5,0,70,50.4,72,2550,90,32,205,2,40.7
78,2550,130,40.5,40.5,2,21.25,75,2550,90,35,240,3,46.5
4,2550,130,-33.5,0,-74,-50.4,78,2550,90,38,278,3,52.1
7,2550,130,-30.5,-30.5,3,-13.75,88,2550,90,48,326,10,66.4
72,2550,130,34.5,0,65,46.3,80,2550,90,40,366,-8,56.6
77,2550,130,39.5,39.5,5,22.25,15,2550,90,-25,0,-65,-47.5
14,2550,130,-23.5,0,-63,-40.9,5,563,94.5,-35,-35,-10,-29.5
5,2550,130,-32.5,-32.5,-9,-20.75,5,592,99.225,-35,-70,0,-28
48,2550,130,10.5,0,43,25.7,5,635,104.18625,-35,-105,0,-31.5
70,2550,130,32.5,32.5,22,27.25,5,609,90,-35,-140,0,-35
18,2550,130,-19.5,0,-52,-33.8,24,609,90,-16,-156,19,-15.7
5,2550,130,-32.5,-32.5,-13,-22.75,76,2550,90,36,0,52,47.6
65,2550,130,27.5,0,60,41,79,2550,94.5,39,39,3,28.8
71,2550,130,33.5,33.5,6,19.75,80,2550,99.225,40,79,1,32.4
15,2550,130,-22.5,0,-56,-37,80,2550,104.18625,40,119,0,35.9
5,2550,130,-32.5,-32.5,-10,-21.25,78,2550,90,38,157,-2,37.5
54,1875,130,16.5,0,49,31.1,73,2550,90,33,190,-5,36.3
70,1864,130,32.5,32.5,16,24.25,70,674,90,30,220,-3,38.5
10,2550,130,-27.5,0,-60,-41,63,654,90,23,243,-7,34.6
5,2550,130,-32.5,-32.5,-5,-18.75,22,740,90,-18,0,-41,-31.3
72,1799,130,34.5,0,67,47.3,3,2550,94.5,-37,-37,-19,-35.4
81,1793,130,43.5,43.5,9,26.25,57,666,99.225,17,0,54,37.2
59,1793,130,21.5,65,-22,4.1,79,685,104.18625,39,39,22,38.3
8,1793,130,-29.5,0,-51,-37.3,73,697,109.3955625,33,72,-6,24
11,1793,130,-26.5,-26.5,3,-11.75,61,693,114.8653406,21,93,-12,15.9
70,1793,130,32.5,0,59,42.5,33,679,120.6086077,-7,0,-28,-18.2
68,1793,130,30.5,30.5,-2,14.25,18,651,126.639038,-22,-22,-15,-22.9
14,1793,130,-23.5,0,-54,-36.4,63,639,132.9709899,23,0,45,36.3
6,1793,130,-31.5,-31.5,-8,-19.75,74,705,139.6195394,34,34,11,29.3
67,1793,130,29.5,0,61,42.3,48,697,146.6005164,8,0,-26,-8.2
80,326,80,42.5,42.5,13,27.75,6,668,153.9305422,-34,0,-42,-41.4
49,326,80,11.5,54,-31,-5.5,5,643,161.6270693,-35,-35,-1,-25
10,1607,80.5,-27.5,0,-39,-30.5,65,668,165,25,0,60,45
30,1580,81,-7.5,0,20,7,62,658,165,22,22,-3,13.9
69,1740,81.5,31.5,0,39,32.1,44,624,165,4,0,-18,-6.6
50,1536,82,12.5,12.5,-19,-3.25,25,609,165,-15,0,-19,-18.5
8,1529,82.5,-29.5,0,-42,-32.8,28,563,165,-12,-12,3,-6.9
6,1503,83,-31.5,-31.5,-2,-16.75,53,573,165,13,0,25,20.3
61,2155,83.5,23.5,0,55,36.9,60,553,165,20,20,7,17.5
72,2130,84,34.5,34.5,11,22.75,18,569,165,-22,0,-42,-34.2
8,1490,84.5,-29.5,0,-64,-43.8,5,555,165,-35,-35,-13,-31
5,1468,85,-32.5,-32.5,-3,-17.75,70,534,165,30,0,65,50.5
38,1426,85.5,0.5,0,33,16.7,81,537,165,41,41,11,34.2
46,1404,86,8.5,0,8,7.4,76,519,165,36,77,-5,26.8
22,1464,86.5,-15.5,0,-24,-18.2,17,517,165,-23,0,-59,-43.3
11,1438,87,-26.5,-26.5,-11,-18.75,5,479,165,-35,-35,-12,-30.5
50,1397,87.5,12.5,0,39,24.5,18,481,165,-22,-57,13,-12.4
74,1252,88,36.5,36.5,24,30.25,65,479,165,25,0,47,38.5
30,1351,88.5,-7.5,0,-44,-25,79,447,165,39,39,14,34.3
14,1464,89,-23.5,-23.5,-16,-19.75,55,445,165,15,54,-24,2.4
13,1361,89.5,-24.5,-48,-1,-15.1,11,429,165,-29,0,-44,-39.4
66,1330,90,28.5,0,53,37.9,4,436,165,-36,-36,-7,-28.7
78,1174,90.5,40.5,40.5,12,26.25,24,428,165,-16,-52,20,-4.8
72,1330,91,34.5,75,-6,18.3,64,389,165,24,0,40,34.4
53,1406,91.5,15.5,90.5,-19,5.75,64,404,165,24,24,0,16.8
39,1380,92,1.5,0,-14,-6.4,53,357,165,13,37,-11,6
70,1370,92.5,32.5,32.5,31,31.75,14,340,165,-26,0,-39,-35.1
82,1378,93,44.5,77,12,31.5,11,321,90,-29,-29,-3,-21.8
80,1343,93.5,42.5,119.5,-2,27.95,53,321,90,13,0,42,28.8
61,1332,94,23.5,143,-19,14.2,60,334,94.5,20,20,7,17.5
16,2550,94.5,-21.5,0,-45,-31.1,33,338,99.225,-7,0,-27,-17.7
12,2550,95,-25.5,-25.5,-4,-14.75,13,376,104.18625,-27,-27,-20,-28.9
81,1336,95.5,43.5,0,69,51.9,34,357,109.3955625,-6,0,21,6.9
79,1309,96,41.5,41.5,-2,19.75,67,326,90,27,0,33,32.7
81,1278,96.5,43.5,85,2,26.9,74,328,90,34,34,7,27.3
80,2550,97,42.5,127.5,-1,29.25,69,357,94.5,29,63,-5,21.2
79,2550,97.5,41.5,169,-1,33,23,321,90,-17,0,-46,-33.2
69,2550,98,31.5,200.5,-10,27.65,5,392,94.5,-35,-35,-18,-33.5
15,2550,98.5,-22.5,0,-54,-36,19,340,99.225,-21,-56,14,-11.2
14,2550,99,-23.5,-23.5,-1,-12.25,66,340,104.18625,26,0,47,39.1
80,2550,99.5,42.5,0,66,50,67,321,90,27,27,1,19.4
78,2550,100,40.5,40.5,-2,19.25,50,340,94.5,10,37,-17,1.2
69,2550,100.5,31.5,72,-9,15.3,29,321,90,-11,0,-21,-17.1
57,2550,101,19.5,91.5,-12,10.95,20,326,90,-20,-20,-9,-18.5
46,2550,101.5,8.5,0,-11,-2.1,53,329,90,13,0,33,24.3
60,2550,102,22.5,22.5,14,18.25,71,383,94.5,31,31,18,30.7
75,2550,102.5,37.5,60,15,28.5,67,357,99.225,27,58,-4,20
65,2550,103,27.5,87.5,-10,14.75,17,340,104.18625,-23,0,-50,-38.8
43,2550,103.5,5.5,0,-22,-8.8,4,329,90,-36,-36,-13,-31.7
67,2550,104,29.5,29.5,24,26.75,6,389,94.5,-34,-70,2,-26.4
76,1267,104.5,38.5,68,9,26.7,47,408,99.225,7,0,41,24.7
74,2550,105,36.5,104.5,-2,24.05,72,408,104.18625,32,32,25,34.9
68,2550,105.5,30.5,135,-6,22.7,71,2550,109.3955625,31,63,-1,24.4
56,2550,106,18.5,153.5,-12,16.75,38,353,114.8653406,-2,0,-33,-17.7
44,2550,106.5,6.5,0,-12,-3.4,5,340,120.6086077,-35,-35,-33,-41
55,2550,107,17.5,17.5,11,14.25,14,345,126.639038,-26,-61,9,-17.2
76,2550,107.5,38.5,56,21,31.5,75,1316,132.9709899,35,0,61,51.5
73,2550,108,35.5,91.5,-3,21.85,74,939,139.6195394,34,34,-1,23.3
67,2550,108.5,29.5,121,-6,20.9,75,1299,146.6005164,35,69,1,28.4
58,2550,109,20.5,141.5,-9,17.85,81,1389,153.9305422,41,110,6,38.6
35,2550,109.5,-2.5,0,-23,-12.5,82,1993,90,42,152,1,40.9
41,2550,110,3.5,0,6,4.4,77,1944,90,37,189,-5,38.6
61,2550,110.5,23.5,23.5,20,21.75,41,1944,90,1,0,-36,-17.4
39,2550,111,1.5,0,-22,-10.4,5,389,94.5,-35,0,-36,-39
17,2550,111.5,-20.5,0,-22,-19.2,18,353,99.225,-22,-22,13,-8.9
58,2550,112,20.5,0,41,28.7,75,404,104.18625,35,0,57,49.5
79,2550,112.5,41.5,41.5,21,31.25,78,2550,109.3955625,38,38,3,28.1
37,2550,113,-0.5,0,-42,-21.2,86,2550,114.8653406,46,84,8,40
5,2471,113.5,-32.5,-32.5,-32,-32.25,74,383,120.6086077,34,118,-12,26.2
41,2412,114,3.5,0,36,19.4,89,383,90,49,167,15,53.6
71,2550,114.5,33.5,33.5,30,31.75,46,2550,90,6,0,-43,-17.9
21,2550,115,-16.5,0,-50,-31.6,6,326,90,-34,0,-40,-40.4
5,2550,115.5,-32.5,-32.5,-16,-24.25,6,391,94.5,-34,-34,0,-23.8
15,2367,116,-22.5,-55,10,-9.5,69,393,99.225,29,0,63,48.9
53,2378,116.5,15.5,0,38,25.2,72,2550,104.18625,32,32,3,23.9
67,2271,117,29.5,29.5,14,21.75,59,326,90,19,51,-13,10
24,2550,117.5,-13.5,0,-43,-26.9,42,392,94.5,2,0,-17,-7.3
6,2299,118,-31.5,-31.5,-18,-24.75,43,435,99.225,3,0,1,2.3
49,2213,118.5,11.5,0,43,26.1,65,2550,104.18625,25,25,22,28.5
70,2550,119,32.5,32.5,21,26.75,68,418,109.3955625,28,53,3,23.6
33,2550,119.5,-4.5,0,-37,-20.3,66,418,114.8653406,26,79,-2,22.5
6,2550,120,-31.5,-31.5,-27,-29.25,67,404,120.6086077,27,106,1,27.3
35,2214,120.5,-2.5,0,29,13.5,68,425,90,28,134,1,30.7
74,2181,121,36.5,0,39,34.1,68,447,90,28,162,0,33
52,2550,121.5,14.5,14.5,-22,-3.75,59,397,90,19,181,-9,25
6,2132,122,-31.5,0,-46,-35.6,10,384,90,-30,0,-49,-42.5
32,2114,122.5,-5.5,0,26,10.8,4,393,94.5,-36,-36,-6,-28.2
77,2550,123,39.5,0,45,38.3,67,411,99.225,27,0,63,47.7
60,2382,123.5,22.5,22.5,-17,2.75,69,420,104.18625,29,29,2,21.3
8,2366,124,-29.5,0,-52,-37.8,66,404,109.3955625,26,55,-3,19.6
14,2231,124.5,-23.5,-23.5,6,-8.75,62,384,114.8653406,22,77,-4,18.9
78,2185,125,40.5,0,64,48.2,56,401,120.6086077,16,93,-6,15.9
74,1989,125.5,36.5,36.5,-4,16.25,54,411,126.639038,14,107,-2,18.1
5,1927,126,-32.5,0,-69,-47.5,40,420,90,0,0,-14,-7
5,1909,126.5,-32.5,-32.5,0,-16.25,21,403,94.5,-19,-19,-19,-22.8
67,1892,127,29.5,0,62,42.8,41,404,99.225,1,0,20,10.6
77,1900,127.5,39.5,39.5,10,24.75,67,412,104.18625,27,27,26,31.9
11,1843,128,-26.5,0,-66,-43.6,61,425,109.3955625,21,48,-6,14.4
6,1829,128.5,-31.5,-31.5,-5,-18.25,12,427,114.8653406,-28,0,-49,-41.3
42,1805,129,4.5,0,36,19.8,6,435,120.6086077,-34,-34,-6,-26.8
68,1791,129.5,30.5,30.5,26,28.25,82,439,126.639038,42,0,76,63.2
33,1771,130,-4.5,0,-35,-19.3,77,439,132.9709899,37,37,-5,23.4
9,1748,130,-28.5,-28.5,-24,-26.25,66,436,139.6195394,26,63,-11,16.4
11,1730,130,-26.5,-55,2,-15.1,35,443,146.6005164,-5,0,-31,-18.5
57,1706,130,19.5,0,46,30.8,14,447,153.9305422,-26,-26,-21,-28.7
69,1694,130,31.5,31.5,12,21.75,34,420,161.6270693,-6,0,20,6.4
16,1671,130,-21.5,0,-53,-35.1,69,431,165,29,0,35,34.9
5,1656,130,-32.5,-32.5,-11,-21.75,66,420,165,26,26,-3,16.7
73,1627,130,35.5,0,68,48.2,6,425,165,-34,0,-60,-50.4
75,1611,130,37.5,37.5,2,19.75,5,418,165,-35,-35,-1,-25
22,1588,130,-15.5,0,-53,-32.7,8,391,165,-32,-67,3,-24.4
5,1567,130,-32.5,-32.5,-17,-24.75,58,397,165,18,0,50,35.8
65,1551,130,27.5,0,60,41,69,392,165,29,29,11,25.8
73,1535,130,35.5,35.5,8,21.75,70,382,165,30,59,1,24.4
17,1512,130,-20.5,0,-56,-36.2,15,393,165,-25,0,-55,-42.5
6,1489,130,-31.5,-31.5,-11,-21.25,5,355,165,-35,-35,-10,-29.5
59,1482,130,21.5,0,53,35.1,25,338,165,-15,-50,20,-4
72,1448,130,34.5,34.5,13,23.75,73,376,165,33,0,48,43.8
18,1421,130,-19.5,0,-54,-34.8,71,321,90,31,31,-2,20.7
5,1399,130,-32.5,-32.5,-13,-22.75,64,353,94.5,24,55,-7,16.4
64,1376,130,26.5,0,59,40.1,44,340,99.225,4,0,-20,-7.6
76,1360,130,38.5,38.5,12,25.25,17,345,104.18625,-23,0,-27,-27.3
15,1360,130,-22.5,0,-61,-39.5,25,410,109.3955625,-15,-15,8,-6.5
16,1360,130,-21.5,-21.5,1,-10.25,68,380,114.8653406,28,0,43,38.3
77,1360,130,39.5,0,61,46.3,68,370,120.6086077,28,28,0,19.6
78,1360,130,40.5,40.5,1,20.75,14,364,126.639038,-26,0,-54,-42.6
79,1360,130,41.5,82,1,25.3,5,392,132.9709899,-35,-35,-9,-29
81,1246,130,43.5,125.5,2,30.95,50,410,139.6195394,10,0,45,28.5
79,1219,130,41.5,167,-2,32.3,71,380,146.6005164,31,31,21,32.2
79,1199,130,41.5,208.5,0,37.45,55,376,153.9305422,15,46,-16,5.6
79,1187,130,41.5,250,0,41.6,13,437,161.6270693,-27,0,-42,-37.2
76,1183,130,38.5,288.5,-3,42.75,9,361,165,-31,-31,-4,-23.7
77,1164,130,39.5,328,1,49.1,56,366,165,16,0,47,33.1
75,1866,130,37.5,365.5,-2,50.55,78,347,165,38,38,22,37.6
5,1842,130,-32.5,0,-70,-48,16,411,165,-24,0,-62,-45.4
5,1817,130,-32.5,-32.5,0,-16.25,4,348,165,-36,-36,-12,-31.2
10,1801,130,-27.5,-60,5,-14.5,9,326,90,-31,-67,5,-22.8
20,1779,130,-17.5,-77.5,10,-9.75,50,326,90,10,0,41,26.5
66,1767,130,28.5,0,46,34.4,62,355,94.5,22,22,12,21.4
70,1752,130,32.5,32.5,4,18.25,59,329,90,19,41,-3,14
71,1726,130,33.5,66,1,20.5,29,357,94.5,-11,0,-30,-21.6
71,1706,130,33.5,99.5,0,23.35,10,353,99.225,-30,-30,-19,-30.5
69,1688,130,31.5,131,-2,24.7,39,361,104.18625,-1,0,29,13.9
74,1662,130,36.5,167.5,5,33.85,66,412,109.3955625,26,0,27,29.1
76,1648,130,38.5,206,2,37,58,411,114.8653406,18,18,-8,8.6
37,1638,130,-0.5,0,-39,-19.7,30,382,120.6086077,-10,0,-28,-20
23,1625,130,-14.5,-14.5,-14,-14.25,21,393,126.639038,-19,-19,-9,-17.8
78,1597,130,40.5,0,55,43.7,49,428,132.9709899,9,0,28,19.4
80,1581,130,42.5,42.5,2,22.25,67,416,139.6195394,27,27,18,27.9
80,1569,130,42.5,85,0,25.5,24,473,146.6005164,-16,0,-43,-31.1
78,1563,130,40.5,125.5,-2,27.75,5,473,153.9305422,-35,-35,-19,-34
79,1551,130,41.5,167,1,33.8,68,473,161.6270693,28,0,63,48.3
75,2550,130,37.5,204.5,-4,33.45,73,1288,165,33,33,5,25.6
73,2550,130,35.5,240,-2,37.2,75,1288,165,35,68,2,28.8
44,2550,130,6.5,0,-29,-11.9,75,1232,165,35,103,0,31.3
5,2550,130,-32.5,0,-39,-32.5,74,1201,90,34,137,-1,33.6
5,2550,130,-32.5,-32.5,0,-16.25,75,1183,90,35,172,1,38.7
29,2550,130,-8.5,0,24,8.6,74,1171,90,34,206,-1,40.5
42,2550,130,4.5,0,13,8.3,77,1171,90,37,243,3,48
24,2550,130,-13.5,0,-18,-14.4,69,1152,90,29,272,-8,40.6
10,2550,130,-27.5,-27.5,-14,-20.75,66,1152,90,26,298,-3,43.9
50,2550,130,12.5,0,40,25,81,1152,90,41,339,15,66
69,2550,130,31.5,31.5,19,25.25,66,427,90,26,365,-15,44.6
14,2550,130,-23.5,0,-55,-36.9,48,399,90,8,0,-18,-4.2
4,2550,130,-33.5,-33.5,-10,-21.75,13,416,94.5,-27,0,-35,-33.7
48,2550,130,10.5,0,44,26.2,6,420,99.225,-34,-34,-7,-27.3
68,2550,130,30.5,30.5,20,25.25,6,416,104.18625,-34,-68,0,-27.2
50,2550,130,12.5,43,-18,0.3,5,424,109.3955625,-35,-103,-1,-31.8
7,2550,130,-30.5,0,-43,-33.7,31,469,90,-9,0,26,7.6
12,2550,130,-25.5,-25.5,5,-10.25,60,469,94.5,20,0,29,26.5
55,2550,130,17.5,0,43,28.5,64,469,99.225,24,24,4,18.8
58,1876,130,20.5,20.5,3,11.75,63,184,90,23,47,-1,18
15,2550,130,-22.5,0,-43,-30.5,64,184,90,24,71,1,22
7,2550,130,-30.5,-30.5,-8,-19.25,62,185,90,22,93,-2,21.5
58,2380,130,20.5,0,51,33.7,64,179,90,24,117,2,27.1
73,2550,130,35.5,35.5,15,25.25,66,166,90,26,143,2,30.9
46,2495,130,8.5,0,-27,-10.1,38,162,90,-2,0,-28,-15.2
8,1762,130,-29.5,0,-38,-30.8,8,166,0,-2,0,-28,-15.2
32,1726,130,-5.5,0,24,9.8,24,170,0,-2,0,-28,-15.2
83,2550,130,45.5,0,51,43.7,33,174,0,-2,0,-28,-15.2
43,1687,130,5.5,0,-40,-17.8,34,184,0,-2,0,-28,-15.2
5,1668,130,-32.5,0,-38,-32,34,205,0,-2,0,-28,-15.2
8,1648,130,-29.5,-29.5,3,-13.25,34,220,0,-2,0,-28,-15.2
45,2350,130,7.5,0,37,21.5,34,321,90,-6,0,-4,-5.6
66,2288,130,28.5,28.5,21,24.75,37,243,90,-3,0,3,-0.3
17,1603,130,-20.5,0,-49,-32.7,70,225,90,30,0,33,34.5
5,1566,130,-32.5,-32.5,-12,-22.25,71,212,90,31,31,1,22.2
52,1577,130,14.5,0,47,29.3,71,213,90,31,62,0,24.8
76,1557,130,38.5,38.5,24,31.25,72,217,90,32,94,1,29.1
17,1520,130,-20.5,0,-59,-37.7,63,217,90,23,117,-9,21
6,1520,130,-31.5,-31.5,-11,-21.25,28,221,0,23,117,-9,21
41,1520,130,3.5,0,35,18.9,11,219,0,23,117,-9,21
57,1520,130,19.5,19.5,16,17.75,10,233,0,23,117,-9,21
16,1520,130,-21.5,0,-41,-29.1,10,271,0,23,117,-9,21
7,1520,130,-30.5,-30.5,-9,-19.75,10,321,90,-30,0,-53,-44.5
66,1520,130,28.5,0,59,40.9,16,321,90,-24,-24,6,-13.8
78,1520,130,40.5,40.5,12,26.25,71,321,90,31,0,55,46.1
7,1520,130,-30.5,0,-71,-47.7,69,326,90,29,29,-2,19.3
6,1366,130,-31.5,-31.5,-1,-16.25,63,259,90,23,52,-6,16
38,1490,130,0.5,0,32,16.2,46,271,90,6,0,-17,-4.9
64,1490,130,26.5,26.5,26,26.25,19,271,90,-21,0,-27,-26.1
25,1420,130,-12.5,0,-39,-24.5,20,281,90,-20,-20,1,-13.5
6,1421,130,-31.5,-31.5,-19,-25.25,54,294,90,14,0,34,25.4
48,1397,130,10.5,0,42,25.2,65,322,90,25,25,11,23
75,1413,130,37.5,37.5,27,32.25,55,326,90,15,40,-10,8
36,2550,130,-1.5,0,-39,-20.1,27,326,90,-13,0,-28,-21.8
6,1468,130,-31.5,-31.5,-30,-30.75,15,340,94.5,-25,-25,-12,-23.5
33,2550,130,-4.5,0,27,11.7,39,340,99.225,-1,0,24,11.4
75,1341,130,37.5,0,42,36,62,345,104.18625,22,0,23,24.7
61,2343,130,23.5,23.5,-14,4.75,55,347,109.3955625,15,15,-7,7
17,1716,130,-20.5,0,-44,-30.2,25,348,114.8653406,-15,0,-30,-24
10,1305,130,-27.5,-27.5,-7,-17.25,15,349,120.6086077,-25,-25,-10,-22.5
79,1262,130,41.5,0,69,51.1,54,338,126.639038,14,0,39,27.9
74,1227,130,36.5,36.5,-5,15.75,65,334,132.9709899,25,25,11,23
70,2261,130,32.5,69,-4,17.9,55,330,90,15,40,-10,8
69,2243,130,31.5,100.5,-1,22.15,26,330,90,-14,0,-29,-22.9
68,2243,130,30.5,131,-1,24.8,16,329,90,-24,-24,-10,-21.8
71,2243,130,33.5,164.5,3,31.35,27,338,94.5,-13,-37,11,-6
72,1942,130,34.5,199,1,34.2,51,334,99.225,11,0,24,18.6
75,1160,130,37.5,236.5,3,40.15,58,353,104.18625,18,18,7,16.1
79,1121,130,41.5,278,4,46.4,33,374,109.3955625,-7,0,-25,-16.7
61,1092,130,23.5,301.5,-18,30.55,13,401,114.8653406,-27,-27,-20,-28.9
6,1080,130,-31.5,0,-55,-40.1,31,412,120.6086077,-9,0,18,3.6
13,1058,130,-24.5,-24.5,7,-8.75,68,871,126.639038,28,0,37,35.3
82,1036,130,44.5,0,69,52.3,70,460,132.9709899,30,30,2,22
78,1024,130,40.5,40.5,-4,18.25,36,847,139.6195394,-4,0,-34,-19.4
61,1000,130,23.5,64,-17,7.3,8,847,146.6005164,-32,-32,-28,-36.4
49,998,130,11.5,75.5,-12,6.15,26,831,153.9305422,-14,-46,18,-4
67,978,130,29.5,105,18,31.3,71,835,161.6270693,31,0,45,41.1
77,976,130,39.5,144.5,10,35.25,75,796,165,35,35,4,26.5
45,2550,130,7.5,0,-32,-13,40,796,165,0,0,-35,-17.5
16,2550,130,-21.5,0,-29,-23.1,10,772,165,-30,-30,-30,-36
79,2550,130,41.5,0,63,48.1,9,764,165,-31,-61,-1,-25.2
79,2018,130,41.5,41.5,0,20.75,63,788,165,23,0,54,40.8
76,2550,130,38.5,80,-3,21.9,69,780,165,29,29,6,23.3
78,853,130,40.5,120.5,2,29.25,64,750,165,24,53,-5,17.2
79,827,130,41.5,162,1,33.3,45,788,165,5,0,-19,-6.5
79,826,130,41.5,203.5,0,36.95,13,762,165,-27,0,-32,-32.2
78,2550,130,40.5,244,-1,40.1,25,762,165,-15,-15,12,-4.5
74,2550,130,36.5,280.5,-4,40.65,67,861,165,27,0,42,37.2
72,2550,130,34.5,315,-2,44.3,62,748,165,22,22,-5,12.9
68,2550,130,30.5,345.5,-4,44.75,8,748,165,-32,0,-54,-46.2
9,2550,130,-28.5,0,-59,-40.9,5,748,165,-35,-35,-3,-26
5,2550,130,-32.5,-32.5,-4,-18.25,60,2550,165,20,0,55,39.5
5,2485,130,-32.5,-65,0,-19.5,79,2550,165,39,39,19,36.8
5,2449,130,-32.5,-97.5,0,-22.75,50,921,165,10,49,-29,-3.6
6,2431,130,-31.5,-129,1,-25,10,921,165,-30,0,-40,-38
29,2404,130,-8.5,0,23,8.1,5,2097,165,-35,-35,-5,-27
74,2374,130,36.5,0,45,37.1,26,2550,165,-14,-49,21,-2.8
72,2359,130,34.5,34.5,-2,16.25,59,872,165,19,0,33,27.9
6,2351,130,-31.5,0,-66,-45.6,70,794,165,30,30,11,26.5
5,2342,130,-32.5,-32.5,-1,-16.75,53,762,165,13,43,-17,3.6
49,2313,130,11.5,0,44,26.6,17,978,165,-23,0,-36,-31.8
53,2297,130,15.5,15.5,4,9.75,15,978,165,-25,-25,-2,-18.5
18,2290,130,-19.5,0,-35,-25.3,65,947,165,25,0,50,40
14,2267,130,-23.5,-23.5,-4,-13.75,70,894,165,30,30,5,23.5
67,2249,130,29.5,0,53,38.3,73,887,165,33,63,3,27.6
74,2249,130,36.5,36.5,7,21.75,64,865,165,24,87,-9,18.6
41,2231,130,3.5,0,-33,-15.1,49,856,165,9,0,-15,-2.1
15,2550,130,-22.5,0,-26,-22,54,856,165,14,14,5,12.3
43,2550,130,5.5,0,28,16.2,60,1551,165,20,34,6,18.4
73,2550,130,35.5,35.5,30,32.75,64,1507,165,24,58,4,22.2
30,2550,130,-7.5,0,-43,-24.5,74,1154,165,34,92,10,34.6
9,2550,130,-28.5,-28.5,-21,-24.75,77,1127,165,37,129,3,36.6
47,2550,130,9.5,0,38,22.8,82,1119,90,42,171,5,44.8
68,2550,130,30.5,30.5,21,25.75,78,1054,90,38,209,-4,41.7
14,2550,130,-23.5,0,-54,-36.4,78,1038,90,38,247,0,47.5
5,2550,130,-32.5,-32.5,-9,-20.75,77,1024,90,37,284,-1,50.1
41,2550,130,3.5,0,36,19.4,78,1012,90,38,322,1,55.5
69,2550,130,31.5,31.5,28,29.75,38,1028,90,-2,0,-40,-21.2
33,2550,130,-4.5,0,-36,-19.8,6,2550,94.5,-34,-34,-32,-39.8
5,2550,130,-32.5,-32.5,-28,-30.25,5,2550,99.225,-35,-69,-1,-28.4
26,2550,130,-11.5,-44,21,1.5,5,2550,104.18625,-35,-104,0,-31.4
74,2550,130,36.5,0,48,38.6,22,2550,90,-18,-122,17,-14.5
71,2550,130,33.5,33.5,-3,15.25,74,2550,90,34,0,52,46.4
8,2550,130,-29.5,0,-63,-43.3,74,2550,94.5,34,34,0,23.8
5,2550,130,-32.5,-32.5,-3,-17.75,73,2550,99.225,33,67,-1,26
58,2550,130,20.5,0,53,34.7,72,2550,104.18625,32,99,-1,28.6
70,2550,130,32.5,32.5,12,22.25,74,2550,109.3955625,34,133,2,34.7
28,2550,130,-9.5,0,-42,-24.8,68,901,90,28,161,-6,29.9
8,2550,130,-29.5,-29.5,-20,-24.75,52,762,90,12,173,-16,16.5
47,2253,130,9.5,0,39,23.3,21,762,90,-19,0,-31,-26.9
72,1839,130,34.5,34.5,25,29.75,8,762,94.5,-32,-32,-13,-28.9
28,1821,130,-9.5,0,-44,-25.8,75,762,99.225,35,0,67,54.5
5,2550,130,-32.5,-32.5,-23,-27.75,82,825,104.18625,42,42,7,32.9
39,2550,130,1.5,0,34,17.6,58,757,109.3955625,18,60,-24,4.8
68,1794,130,30.5,30.5,29,29.75,68,757,114.8653406,28,88,10,30.6
22,1787,130,-15.5,0,-46,-29.2,62,757,120.6086077,22,110,-6,21.2
5,326,80,-32.5,-32.5,-17,-24.75,65,764,90,25,135,3,30
49,2550,80.5,11.5,0,44,26.6,64,764,90,24,159,-1,29.8
69,2550,81,31.5,31.5,20,25.75,66,749,90,26,185,2,35.1
29,1718,81.5,-8.5,0,-40,-23.4,52,750,90,12,197,-14,19.9
6,2550,82,-31.5,-31.5,-23,-27.25,11,750,90,-29,0,-41,-37.9
57,2550,82.5,19.5,0,51,33.3,5,740,94.5,-35,-35,-6,-27.5
78,2550,83,40.5,40.5,21,30.75,10,744,99.225,-30,-65,5,-22
60,2550,83.5,22.5,63,-18,6.3,56,754,104.18625,16,0,46,32.6
6,1657,84,-31.5,0,-54,-39.6,68,772,109.3955625,28,28,12,25.6
5,2550,84.5,-32.5,-32.5,-1,-16.75,58,772,114.8653406,18,46,-10,10.4
40,2550,85,2.5,0,35,18.5,20,730,120.6086077,-20,0,-38,-31
51,1632,85.5,13.5,13.5,11,12.25,6,728,126.639038,-34,-34,-14,-30.8
12,2550,86,-25.5,0,-39,-29.7,60,728,132.9709899,20,0,54,39
8,2550,86.5,-29.5,-29.5,-4,-16.75,71,728,139.6195394,31,31,11,27.2
69,1597,87,31.5,0,61,43.1,64,740,146.6005164,24,55,-7,16.4
75,2550,87.5,37.5,37.5,6,21.75,18,721,153.9305422,-22,0,-46,-36.2
11,1573,88,-26.5,0,-64,-42.6,5,718,161.6270693,-35,-35,-13,-31
5,2550,88.5,-32.5,-32.5,-6,-19.25,49,710,165,9,0,44,27.4
53,1559,89,15.5,0,48,30.2,69,661,165,29,29,20,30.3
80,1551,89.5,42.5,42.5,27,34.75,53,689,165,13,42,-16,4
45,1513,90,7.5,0,-35,-14.5,20,680,165,-20,0,-33,-28.5
6,1509,90.5,-31.5,0,-39,-32.1,10,680,165,-30,-30,-10,-26
39,1490,91,1.5,0,33,17.1,58,586,165,18,0,48,34.8
77,1456,91.5,39.5,39.5,38,38.75,69,609,165,29,29,11,25.8
74,1472,92,36.5,76,-3,20.7,66,598,165,26,55,-3,19.6
73,2550,92.5,35.5,111.5,-1,24.85,24,618,165,-16,0,-42,-30.6
53,1452,93,15.5,127,-20,8.9,5,567,165,-35,-35,-19,-34
26,1448,93.5,-11.5,0,-27,-18.1,25,597,165,-15,-50,20,-4
46,2550,94,8.5,0,20,13.4,66,562,165,26,0,41,36.1
75,2550,94.5,37.5,37.5,29,33.25,64,562,165,24,24,-2,15.8
74,2550,95,36.5,74,-1,21.5,51,555,165,11,35,-13,3.6
72,2550,95.5,34.5,108.5,-2,23.65,28,565,165,-12,0,-23,-18.7
72,2550,96,34.5,143,0,28.1,23,559,165,-17,-17,-5,-14.4
71,2550,96.5,33.5,176.5,-1,30.55,42,603,165,2,0,19,10.7
60,1777,97,22.5,199,-11,23.4,61,618,165,21,21,19,24.2
33,1748,97.5,-4.5,0,-27,-15.3,47,483,165,7,0,-14,-2.8
28,1734,98,-9.5,0,-5,-6.3,8,515,165,-32,0,-39,-38.7
76,2550,98.5,38.5,0,48,39.4,13,525,165,-27,-27,5,-16.4
75,2550,99,37.5,37.5,-1,18.25,55,525,165,15,0,42,30
79,2550,99.5,41.5,79,4,26.5,69,456,165,29,29,14,27.3
43,2550,100,5.5,0,-36,-15.8,37,456,165,-3,0,-32,-17.8
29,2550,100.5,-8.5,0,-14,-10.4,6,420,165,-34,-34,-31,-39.3
75,2550,101,37.5,0,46,38,23,460,165,-17,-51,17,-6.8
78,2550,101.5,40.5,40.5,3,21.75,70,437,165,30,0,47,41.5
77,2550,102,39.5,80,-1,23.3,75,397,165,35,35,5,27
69,2550,102.5,31.5,111.5,-8,19.75,62,397,165,22,57,-13,12.4
53,2550,103,15.5,127,-16,10.9,23,357,165,-17,0,-39,-29.7
48,2550,103.5,10.5,137.5,-5,15.45,6,357,165,-34,-34,-17,-32.3
58,2550,104,20.5,158,10,29,40,403,165,0,0,34,17
58,2214,104.5,20.5,178.5,0,26.05,69,340,165,29,29,29,34.8
24,2550,105,-13.5,0,-34,-22.4,54,326,90,14,43,-15,5.2
14,2550,105.5,-23.5,-23.5,-10,-16.75,6,334,94.5,-34,0,-48,-44.4
80,2550,106,42.5,0,66,50,6,326,90,-34,-34,0,-23.8
79,2550,106.5,41.5,41.5,-1,20.25,11,340,94.5,-29,-63,5,-21.2
83,2550,107,45.5,87,4,28.9,72,429,99.225,32,0,61,49.7
70,2550,107.5,32.5,119.5,-13,18.45,75,1495,104.18625,35,35,3,26
80,2550,108,42.5,162,10,38.2,72,2550,109.3955625,32,67,-3,24.4
81,2102,108.5,43.5,205.5,1,38.45,54,410,114.8653406,14,81,-18,7.5
66,2550,109,28.5,234,-15,27.3,43,321,90,3,0,-11,-3.7
9,2550,109.5,-28.5,0,-57,-39.9,57,372,94.5,17,17,14,18.9
6,2550,110,-31.5,-31.5,-3,-17.25,67,376,99.225,27,44,10,25.6
72,2550,110.5,34.5,0,66,46.8,66,376,104.18625,26,70,-1,22.1
78,2550,111,40.5,40.5,6,23.25,65,372,109.3955625,25,95,-1,24
26,2550,111.5,-11.5,0,-52,-30.6,64,2550,114.8653406,24,119,-1,25.8
5,2550,112,-32.5,-32.5,-21,-26.75,60,2550,90,20,139,-4,23.9
70,2550,112.5,32.5,0,65,45.5,47,376,90,7,0,-13,-2.3
81,2550,113,43.5,43.5,11,27.25,44,348,94.5,4,0,-3,0.9
23,2550,113.5,-14.5,0,-58,-34.8,66,380,99.225,26,26,22,29.2
6,2550,114,-31.5,-31.5,-17,-24.25,75,399,104.18625,35,61,9,31.6
60,2550,114.5,22.5,0,54,36,37,384,109.3955625,-3,0,-38,-20.8
70,2550,115,32.5,32.5,10,21.25,6,338,114.8653406,-34,-34,-31,-39.3
49,2550,115.5,11.5,44,-21,-1.5,59,416,120.6086077,19,0,53,37.9
14,2550,116,-23.5,0,-35,-26.9,75,1648,126.639038,35,35,16,32.5
19,2550,116.5,-18.5,-18.5,5,-6.75,74,2550,132.9709899,34,69,-1,26.8
62,2550,117,24.5,0,43,31.3,74,2550,139.6195394,34,103,0,30.7
67,2550,117.5,29.5,29.5,5,17.25,74,2550,90,34,137,0,34.1
8,2550,118,-29.5,0,-59,-41.3,80,2550,90,40,177,6,44.7
6,2550,118.5,-31.5,-31.5,-2,-16.75,81,2550,90,41,218,1,46.9
54,2550,119,16.5,0,48,30.6,79,403,90,39,257,-2,48.1
79,2550,119.5,41.5,41.5,25,33.25,17,456,90,-23,0,-62,-44.8
29,2550,120,-8.5,0,-50,-28.4,5,380,94.5,-35,-35,-12,-30.5
5,2550,120.5,-32.5,-32.5,-24,-28.25,5,399,99.225,-35,-70,0,-28
29,2550,121,-8.5,0,24,8.6,40,401,104.18625,0,0,35,17.5
70,2550,121.5,32.5,0,41,33.5,72,408,109.3955625,32,32,32,38.4
42,2550,122,4.5,0,-28,-12.2,74,425,114.8653406,34,66,2,28
5,2550,122.5,-32.5,0,-37,-31.5,80,366,120.6086077,40,106,6,37.6
23,2550,123,-14.5,-14.5,18,1.75,77,365,90,37,143,-3,35
75,2550,123.5,37.5,0,52,41,30,384,90,-10,0,-47,-29.5
75,2550,124,37.5,37.5,0,18.75,5,401,94.5,-35,-35,-25,-37
9,2550,124.5,-28.5,0,-66,-44.4,21,384,99.225,-19,-54,16,-8.8
10,2550,125,-27.5,-27.5,1,-13.25,72,392,104.18625,32,0,51,44.7
75,2550,125.5,37.5,0,65,47.5,74,401,109.3955625,34,34,2,24.8
70,2550,126,32.5,32.5,-5,13.75,74,410,114.8653406,34,68,0,27.2
4,2550,126.5,-33.5,0,-66,-46.4,54,420,120.6086077,14,82,-20,6.6
5,2550,127,-32.5,-32.5,1,-15.75,7,448,126.639038,-33,0,-47,-43.3
29,2550,127.5,-8.5,0,24,8.6,5,447,132.9709899,-35,-35,-2,-25.5
37,2550,128,-0.5,0,8,3.8,57,399,139.6195394,17,0,52,36.2
22,2550,128.5,-15.5,-15.5,-15,-15.25,63,399,146.6005164,23,23,6,19.1
33,2550,129,-4.5,0,11,3.7,38,456,153.9305422,-2,0,-25,-13.7
65,2550,129.5,27.5,0,32,27,11,403,161.6270693,-29,-29,-27,-33.8
60,2550,130,22.5,22.5,-5,8.75,11,418,165,-29,-58,0,-23.2
17,2550,130,-20.5,0,-43,-29.7,60,393,165,20,0,49,36.5
6,2550,130,-31.5,-31.5,-11,-21.25,71,412,165,31,31,11,27.2
49,2550,130,11.5,0,43,26.1,73,408,165,33,64,2,27.2
73,2550,130,35.5,35.5,24,29.75,48,355,165,8,0,-25,-7.7
27,2550,130,-10.5,0,-46,-27.2,5,336,165,-35,0,-43,-42.5
6,2550,130,-31.5,-31.5,-21,-26.25,5,328,90,-35,-35,0,-24.5
52,331,80,14.5,0,46,28.8,40,321,90,0,0,35,17.5
80,326,80,42.5,42.5,28,35.25,58,321,90,18,18,18,21.6
11,2550,80.5,-26.5,0,-69,-45.1,43,355,94.5,3,0,-15,-5.7
5,2550,81,-32.5,-32.5,-6,-19.25,18,321,90,-22,0,-25,-25.7
64,2550,81.5,26.5,0,59,40.1,25,321,90,-15,-15,7,-7
70,1627,82,32.5,32.5,6,19.25,64,321,90,24,0,39,33.9
17,2550,82.5,-20.5,0,-53,-34.7,70,338,94.5,30,30,6,24
5,2550,83,-32.5,-32.5,-12,-22.25,34,321,90,-6,0,-36,-21.6
49,1611,83.5,11.5,0,44,26.6,19,321,90,-21,-21,-15,-22.2
73,1549,84,35.5,35.5,24,29.75,30,326,90,-10,-31,11,-3.6
28,2550,84.5,-9.5,0,-45,-26.3,67,321,90,27,0,37,34.7
6,2550,85,-31.5,-31.5,-22,-26.75,66,326,90,26,26,-1,17.7
19,1919,85.5,-18.5,-50,13,-5.9,41,326,90,1,0,-25,-11.9
60,2550,86,22.5,0,41,29.5,14,338,94.5,-26,0,-27,-29.1
67,1455,86.5,29.5,29.5,7,18.25,25,321,90,-15,-15,11,-5
8,2550,87,-29.5,0,-59,-41.3,68,347,94.5,28,0,43,38.3
5,2550,87.5,-32.5,-32.5,-3,-17.75,67,326,90,27,27,-1,18.4
67,1387,88,29.5,0,62,42.8,50,321,90,10,37,-17,1.2
76,1361,88.5,38.5,38.5,9,23.75,22,321,90,-18,0,-28,-24.8
24,2550,89,-13.5,0,-52,-31.4,15,326,90,-25,-25,-7,-21
24,2550,89.5,-13.5,-13.5,0,-6.75,49,347,94.5,9,0,34,22.4
14,1349,90,-23.5,-37,-10,-18.1,67,326,90,27,27,18,27.9
40,1309,90.5,2.5,0,26,14,41,321,90,1,0,-26,-12.4
78,1191,91,40.5,40.5,38,39.25,13,321,90,-27,0,-28,-30.2
60,1372,91.5,22.5,63,-18,6.3,9,321,90,-31,-31,-4,-23.7
11,2550,92,-26.5,0,-49,-35.1,54,326,90,14,0,45,30.9
52,2550,92.5,14.5,0,41,26.3,64,338,94.5,24,24,10,21.8
80,2550,93,42.5,42.5,28,35.25,38,321,90,-2,0,-26,-14.2
82,2396,93.5,44.5,87,2,27.5,8,340,94.5,-32,-32,-30,-37.4
81,2550,94,43.5,130.5,-1,29.95,19,340,99.225,-21,-53,11,-12.4
78,1809,94.5,40.5,171,-3,31.8,60,326,90,20,0,41,32.5
39,1825,95,1.5,0,-39,-18.9,72,321,90,32,32,12,28.4
9,1813,95.5,-28.5,0,-30,-26.4,74,340,94.5,34,66,2,28
78,1646,96,40.5,0,69,50.7,60,326,90,20,86,-14,13.6
80,1619,96.5,42.5,42.5,2,22.25,8,326,90,-32,0,-52,-45.2
79,1642,97,41.5,84,-1,24.5,5,321,90,-35,-35,-3,-26
78,1627,97.5,40.5,124.5,-1,28.15,6,324,90,-34,-69,1,-26.8
71,1736,98,33.5,158,-7,25.7,50,326,90,10,0,44,28
26,2550,98.5,-11.5,0,-45,-27.1,67,324,90,27,27,17,27.4
33,1611,99,-4.5,0,7,1.7,57,328,90,17,44,-10,9.6
79,2550,99.5,41.5,0,46,39.6,25,334,94.5,-15,0,-32,-25
77,2550,100,39.5,39.5,-2,18.75,7,380,99.225,-33,-33,-18,-32.1
37,1579,100.5,-0.5,0,-40,-20.2,28,329,90,-12,-45,21,-1.2
26,2550,101,-11.5,-11.5,-11,-11.25,68,357,94.5,28,0,40,36.8
75,2550,101.5,37.5,0,49,39.5,66,412,99.225,26,26,-2,17.2
74,1511,102,36.5,36.5,-1,17.75,46,385,104.18625,6,0,-20,-6.4
76,1491,102.5,38.5,75,2,23.9,13,345,109.3955625,-27,0,-33,-32.7
73,2550,103,35.5,110.5,-3,23.75,17,349,114.8653406,-23,-23,4,-14.1
58,2550,103.5,20.5,131,-15,13.8,63,376,120.6086077,23,0,46,36.8
40,2550,104,2.5,0,-18,-8,72,410,126.639038,32,32,9,26.9
59,2550,104.5,21.5,21.5,19,20.25,61,429,132.9709899,21,53,-11,12.4
75,2550,105,37.5,59,16,28.9,21,329,90,-19,0,-40,-31.4
73,2550,105.5,35.5,94.5,-2,22.65,6,330,90,-34,-34,-15,-31.3
66,945,106,28.5,123,-7,20.2,6,336,94.5,-34,-68,0,-27.2
55,921,106.5,17.5,140.5,-11,15.55,72,336,99.225,32,0,66,52.2
53,903,107,15.5,156,-2,20.8,74,917,104.18625,34,34,2,24.8
63,885,107.5,25.5,181.5,10,33.35,75,1297,109.3955625,35,69,1,28.4
45,869,108,7.5,0,-18,-6,77,1295,114.8653406,37,106,2,33.8
13,849,108.5,-24.5,0,-32,-25.8,81,1912,90,41,147,4,41.3
63,835,109,25.5,0,50,35.2,80,1718,90,40,187,-1,42.2
74,825,109.5,36.5,36.5,11,23.75,48,1875,90,8,0,-32,-11.2
74,802,110,36.5,73,0,21.9,5,1875,94.5,-35,0,-43,-42.5
70,784,110.5,32.5,105.5,-4,21.55,10,397,99.225,-30,-30,5,-18.5
55,766,111,17.5,123,-15,11.8,75,420,104.18625,35,0,65,53.5
22,756,111.5,-15.5,0,-33,-22.7,77,2550,109.3955625,37,37,2,26.9
22,742,112,-15.5,-15.5,0,-7.75,86,2550,114.8653406,46,83,9,40.4
65,728,112.5,27.5,0,43,32.5,76,2550,120.6086077,36,119,-10,28.5
52,705,113,14.5,14.5,-13,0.75,80,2550,90,40,159,4,41.9
6,687,113.5,-31.5,0,-46,-35.6,74,411,90,34,193,-6,36.7
9,670,114,-28.5,-28.5,3,-12.75,73,406,90,33,226,-1,41.9
80,654,114.5,42.5,0,71,52.5,13,385,90,-27,0,-60,-46.2
76,634,115,38.5,38.5,-4,17.25,5,364,94.5,-35,-35,-8,-28.5
33,624,115.5,-4.5,0,-43,-23.3,26,384,99.225,-14,-49,21,-2.8
12,599,90,-25.5,-25.5,-21,-23.25,69,401,104.18625,29,0,43,38.9
52,581,90,14.5,0,40,25.8,69,401,109.3955625,29,29,0,20.3
67,573,90,29.5,29.5,15,22.25,66,1520,114.8653406,26,55,-3,19.6
43,554,90,5.5,0,-24,-9.8,65,2550,120.6086077,25,80,-1,22.5
5,551,90,-32.5,0,-38,-32,57,392,126.639038,17,97,-8,15.9
18,538,89,-19.5,-19.5,13,-3.25,47,383,132.9709899,7,0,-10,-0.8
67,519,88,29.5,0,49,36.3,55,350,139.6195394,15,15,8,14.5
67,506,87,29.5,29.5,0,14.75,68,376,146.6005164,28,43,13,27.6
11,491,80,-26.5,0,-56,-38.6,69,334,153.9305422,29,72,1,25.1
6,483,80,-31.5,-31.5,-5,-18.25,72,326,90,32,104,3,31.1
75,464,80,37.5,0,69,49.5,76,326,90,36,140,4,37.6
79,456,80,41.5,41.5,4,22.75,70,328,90,30,170,-6,32
15,443,80,-22.5,0,-64,-41,67,326,90,27,197,-3,34.4
5,433,80,-32.5,-32.5,-10,-21.25,63,321,90,23,220,-4,33.8
39,420,80,1.5,0,34,17.6,29,321,90,-11,0,-34,-23.6
69,412,80,1.5,0,34,17.6,5,302,90,-35,-35,-24,-36.5
45,392,80,1.5,0,34,17.6,13,326,90,-27,-62,8,-18.4
35,397,80,1.5,0,34,17.6,61,326,90,21,0,48,36.6
36,397,80,1.5,0,34,17.6,68,259,90,28,28,7,23.1
36,397,80,1.5,0,34,17.6,57,204,90,17,45,-11,9.2
36,397,80,1.5,0,34,17.6,21,199,90,-19,0,-36,-29.4
36,397,80,1.5,0,34,17.6,10,195,90,-30,-30,-11,-26.5
36,397,80,-1.5,0,-3,-2.1,5,227,90,-35,-65,-5,-30
35,397,80,-2.5,0,-1,-1.5,4,217,90,-36,-101,-1,-32.2
26,380,80,-11.5,-11.5,-9,-10.25,4,217,90,-36,-137,0,-35.3
5,372,80,-32.5,-44,-21,-27.9,4,251,90,-36,-173,0,-38.9
5,362,80,-32.5,-76.5,0,-20.65,4,229,90,-36,-209,0,-42.5
5,348,80,-32.5,-109,0,-23.9,8,220,90,-32,-241,4,-41.3
6,338,80,-31.5,-140.5,1,-26.15,7,321,90,-33,-274,-1,-47.7
5,328,80,-32.5,-32.5,-1,-16.75,5,321,90,-35,-309,-2,-52.9
6,321,80,-31.5,-64,1,-18.5,5,255,90,-35,-344,0,-55.4
6,321,80,-31.5,-95.5,0,-22.15,5,326,90,-35,-379,0,-58.9
5,320,80,-32.5,-128,-1,-26.3,5,326,90,-35,-414,0,-62.4
4,304,80,-33.5,-161.5,-1,-30.05,4,2550,90,-36,-450,-1,-67.1
6,320,80,-31.5,-193,2,-30.9,4,326,90,-36,-486,0,-70.2
5,326,80,-32.5,-225.5,-1,-36.05,5,349,90,-35,-521,1,-72.6
14,326,80,-23.5,-249,9,-29.8,4,376,90,-36,-557,-1,-77.8
11,326,80,-26.5,-26.5,-3,-14.75,7,2550,90,-33,-590,3,-77.3
5,1957,80,-32.5,-59,-6,-21.9,5,2550,90,-35,-625,-2,-84.5
6,2550,80,-31.5,-90.5,1,-21.15,5,326,90,-35,-660,0,-87
6,2550,80,-31.5,-122,0,-24.8,6,2550,90,-34,-694,1,-89.3
6,2550,80,-31.5,-153.5,0,-27.95,6,2550,90,-34,-728,0,-93.2
16,2550,80,-21.5,-175,10,-21.1,6,2550,90,-34,-762,0,-96.6
5,2388,80,-32.5,-207.5,-11,-39.25,6,835,90,-34,-796,0,-100
6,2378,80,-31.5,-239,1,-36,6,2550,90,-34,-830,0,-103.4
6,2365,80,-31.5,-270.5,0,-39.65,5,2550,90,-35,-865,-1,-108
6,2550,80,-31.5,-302,0,-42.8,5,2550,90,-35,-900,0,-111
6,2550,80,-31.5,-333.5,0,-45.95,13,2550,90,-27,-927,8,-104.9
6,2550,80,-31.5,-365,0,-49.1,73,2550,94.5,33,0,60,49.8
5,2550,80,-32.5,-397.5,-1,-53.25,75,2550,99.225,35,35,2,25.5
6,2550,80,-31.5,-429,1,-55,75,2550,104.18625,35,70,0,28
5,2550,80,-32.5,-461.5,-1,-59.65,78,2550,109.3955625,38,108,3,35.1
6,2550,80,-31.5,-493,1,-61.4,77,1255,90,37,145,-1,36.2
29,2550,80,-8.5,0,23,8.1,77,2550,90,37,182,0,40.4
73,2550,80.5,35.5,0,44,36.2,77,326,90,37,219,0,44.1
74,2550,81,36.5,36.5,1,18.75,75,229,90,35,254,-2,45.4
78,2550,81.5,40.5,77,4,25.9,71,324,90,31,285,-4,45.1
79,2550,82,41.5,118.5,1,28.95,77,326,90,37,322,6,57.4
79,2550,82.5,41.5,160,0,32.6,74,174,90,34,356,-3,54.5
79,2550,83,41.5,201.5,0,36.75,70,156,90,30,386,-4,54.6
74,2550,83.5,36.5,238,-5,35.9,71,156,90,31,417,1,60.8
76,2550,84,38.5,276.5,2,44.05,78,113,90,38,455,7,71.8
78,2550,84.5,40.5,317,2,48.9,5,185,90,-35,0,-73,-57.5
75,1754,85,37.5,354.5,-3,48.95,6,326,90,-34,-34,1,-23.3
76,1754,85.5,38.5,393,1,55.2,6,2550,94.5,-34,-68,0,-27.2
74,1680,86,36.5,429.5,-2,56.55,5,326,90,-35,-103,-1,-31.8
76,1680,86.5,38.5,468,2,63.2,5,326,90,-35,-138,0,-34.8
76,1680,87,38.5,506.5,0,66.05,5,326,90,-35,-173,0,-38.3
72,1680,87.5,34.5,541,-4,65.9,5,336,90,-35,-208,0,-41.8
5,2336,88,-32.5,0,-67,-46.5,5,205,90,-35,-243,0,-45.3
5,191,80,-32.5,-32.5,0,-16.25,5,198,90,-35,-278,0,-48.8
4,2550,80.5,-33.5,-66,-1,-20.5,4,149,90,-36,-314,-1,-53.5
5,1628,81,-32.5,-98.5,1,-22.35,16,156,90,-24,-338,12,-42.2
7,1603,81.5,-30.5,-129,2,-24.1,71,149,90,31,0,55,46.1
6,1597,82,-31.5,-160.5,-1,-29.15,69,149,90,29,29,-2,19.3
6,1615,82.5,-31.5,-192,0,-31.8,66,2550,94.5,26,55,-3,19.6
5,1555,83,-32.5,-224.5,-1,-35.95,68,174,90,28,83,2,26.1
5,1539,83.5,-32.5,-257,0,-38.7,69,191,90,29,112,1,29.1
5,1527,84,-32.5,-289.5,0,-41.95,73,199,90,33,145,4,36.3
6,1509,84.5,-31.5,-321,1,-44.2,74,199,90,34,179,1,38.8
6,1495,85,-31.5,-352.5,0,-47.85,72,175,90,32,211,-2,39.3
25,1480,85.5,-12.5,-365,19,-32,70,197,90,30,241,-2,41.1
77,1478,86,39.5,0,52,41.8,60,145,90,20,261,-10,33.1
74,1482,86.5,36.5,36.5,-3,16.75,5,154,0,20,261,-10,33.1
74,1450,87,36.5,73,0,21.9,4,149,0,20,261,-10,33.1
75,1434,87.5,37.5,110.5,1,26.55,4,128,0,20,261,-10,33.1
75,1190,88,37.5,148,0,29.8,4,175,0,20,261,-10,33.1
78,1404,88.5,40.5,188.5,3,36.55,4,206,0,20,261,-10,33.1
80,1388,89,42.5,231,2,41.1,4,209,0,20,261,-10,33.1
55,1381,89.5,17.5,248.5,-25,19.35,4,213,0,20,261,-10,33.1
6,1368,90,-31.5,0,-49,-37.1,4,204,0,20,261,-10,33.1
6,1358,90.5,-31.5,-31.5,0,-15.75,4,241,0,20,261,-10,33.1
6,1341,91,-31.5,-63,0,-18.9,4,326,90,-36,0,-56,-49.6
5,1341,91.5,-32.5,-95.5,-1,-23.05,4,263,90,-36,-36,0,-25.2
5,1341,92,-32.5,-128,0,-25.8,4,249,90,-36,-72,0,-28.8
6,1341,92.5,-31.5,-159.5,1,-28.05,4,302,90,-36,-108,0,-32.4
6,1341,93,-31.5,-191,0,-31.7,4,235,90,-36,-144,0,-36
6,1341,93.5,-31.5,-222.5,0,-34.85,6,273,90,-34,-178,2,-37.2
5,1267,94,-32.5,-255,-1,-39,51,242,90,11,0,45,29.1
7,1259,94.5,-30.5,-285.5,2,-39.75,65,251,90,25,25,14,24.5
8,1255,95,-29.5,-315,1,-42.8,67,273,90,27,52,2,22.4
34,1786,95.5,-3.5,0,26,11.6,58,234,90,18,70,-9,13.3
52,1778,96,14.5,0,18,14.8,18,326,90,-22,0,-40,-33.2
6,1632,96.5,-31.5,0,-46,-35.6,5,326,90,-35,-35,-13,-31
5,1744,97,-32.5,-32.5,-1,-16.75,14,267,90,-26,-61,9,-17.2
15,1732,97.5,-22.5,-55,10,-9.5,69,243,90,29,0,55,44.9
4,1714,98,-33.5,-88.5,-11,-27.75,70,251,90,30,30,1,21.5
6,1706,98.5,-31.5,-120,2,-23.6,59,326,90,19,49,-11,10.8
5,1694,99,-32.5,-152.5,-1,-28.75,21,336,94.5,-19,0,-38,-30.4
5,1680,99.5,-32.5,-185,0,-31.5,12,326,90,-28,-28,-9,-24.1
5,1666,100,-32.5,-217.5,0,-34.75,57,326,90,17,0,45,32.7
5,1656,100.5,-32.5,-250,0,-38,69,326,90,29,29,12,26.3
5,1686,101,-32.5,-282.5,0,-41.25,34,326,90,-6,0,-35,-21.1
5,2550,101.5,-32.5,-315,0,-44.5,6,326,90,-34,-34,-28,-37.8
5,2550,102,-32.5,-347.5,0,-47.75,24,1389,94.5,-16,-50,18,-5.6
5,2550,102.5,-32.5,-380,0,-51,75,326,90,35,0,51,46.5
5,2550,103,-32.5,-412.5,0,-54.25,60,326,90,20,20,-15,6.5
5,2550,103.5,-32.5,-445,0,-57.5,11,326,90,-29,0,-49,-41.9
66,2550,104,28.5,0,61,41.9,5,1334,94.5,-35,-35,-6,-27.5
73,2550,104.5,35.5,35.5,7,21.25,11,1330,99.225,-29,-64,6,-20.8
77,2550,105,39.5,75,4,25.3,21,1330,104.18625,-19,-83,10,-14.7
79,2550,105.5,41.5,116.5,2,29.25,9,1288,109.3955625,-31,-114,-12,-36
82,2550,106,44.5,161,3,35.4,5,1273,90,-35,-149,-4,-37.9
80,2550,106.5,42.5,203.5,-2,36.35,5,1262,90,-35,-184,0,-39.4
79,2550,107,41.5,245,-1,40.6,5,1246,90,-35,-219,0,-42.9
77,2550,107.5,39.5,284.5,-2,43.25,5,1245,90,-35,-254,0,-46.4
77,2550,108,39.5,324,0,48.2,5,1274,90,-35,-289,0,-49.9
57,2005,108.5,19.5,343.5,-20,32.15,5,1777,90,-35,-324,0,-53.4
6,2550,109,-31.5,0,-51,-38.1,6,326,90,-34,-358,1,-55.7
5,2550,109.5,-32.5,-32.5,-1,-16.75,20,321,90,-20,-378,14,-42.8
5,2550,110,-32.5,-65,0,-19.5,56,263,90,16,0,36,27.6
4,2550,110.5,-33.5,-98.5,-1,-23.75,67,345,94.5,27,27,11,24.4
5,2550,111,-32.5,-131,1,-25.6,25,259,90,-15,0,-42,-30
11,2550,111.5,-26.5,-157.5,6,-23.35,4,288,90,-36,-36,-21,-35.7
6,2550,112,-31.5,-189,-5,-34,4,326,90,-36,-72,0,-28.8
5,2550,112.5,-32.5,-221.5,-1,-35.65,4,303,90,-36,-108,0,-32.4
25,1873,113,-12.5,-234,20,-18.4,5,289,90,-35,-143,1,-34.8
76,2550,113.5,38.5,0,51,40.9,15,326,90,-25,-168,10,-26.8
76,2489,114,38.5,38.5,0,19.25,55,297,90,15,0,40,29
75,1827,114.5,37.5,76,-1,22.1,62,286,90,22,22,7,18.9
74,1785,115,36.5,112.5,-1,25.35,33,349,94.5,-7,0,-29,-18.7
62,2465,115.5,24.5,137,-12,17.5,11,303,90,-29,-29,-22,-31.3
15,1756,116,-22.5,0,-47,-32.5,16,289,90,-24,-53,5,-17.2
6,2550,116.5,-31.5,-31.5,-9,-20.25,43,321,90,3,0,27,15.3
66,1732,117,28.5,0,60,41.4,65,321,90,25,25,22,28.5
81,1708,117.5,43.5,43.5,15,29.25,50,321,90,10,35,-15,2
7,1706,118,-30.5,0,-74,-49.2,15,304,90,-25,0,-35,-32.5
5,2366,118.5,-32.5,-32.5,-2,-17.25,8,321,90,-32,-32,-7,-25.9
66,1648,119,28.5,0,61,41.9,26,321,90,-14,-46,18,-4
61,1640,119.5,23.5,23.5,-5,9.25,59,326,90,19,0,33,27.9
5,1657,120,-32.5,0,-56,-41,67,297,90,27,27,8,22.9
5,2550,120.5,-32.5,-32.5,0,-16.25,36,303,90,-4,0,-31,-17.9
21,1585,121,-16.5,-49,16,-3.5,10,321,90,-30,-30,-26,-34
59,1581,121.5,21.5,0,38,27.6,21,340,94.5,-19,-49,11,-10.8
57,1559,122,19.5,19.5,-2,8.75,62,321,90,22,0,41,33.7
10,1563,122.5,-27.5,0,-47,-34.5,67,321,90,27,27,5,21.4
16,2550,123,-21.5,-21.5,6,-7.75,30,321,90,-10,0,-37,-24.5
82,1504,123.5,44.5,0,66,50.8,9,326,90,-31,-31,-21,-32.2
77,1499,124,39.5,39.5,-5,17.25,23,336,94.5,-17,-48,14,-8
6,2001,124.5,-31.5,0,-71,-48.1,62,338,99.225,22,0,39,32.7
5,1505,125,-32.5,-32.5,-1,-16.75,73,321,90,33,33,11,28.6
12,2550,125.5,-25.5,-58,7,-12.5,64,348,94.5,24,57,-9,15.6
35,2550,126,-2.5,0,23,10.5,7,353,99.225,-33,0,-57,-48.3
48,1414,126.5,10.5,0,13,10.7,4,372,104.18625,-36,-36,-3,-26.7
33,1388,127,-4.5,0,-15,-9.3,6,338,109.3955625,-34,-70,2,-26.4
18,2550,127.5,-19.5,-19.5,-15,-17.25,34,347,114.8653406,-6,0,28,10.4
52,1330,128,14.5,0,34,22.8,67,408,120.6086077,27,0,33,32.7
73,1318,128.5,35.5,35.5,21,28.25,59,326,90,19,19,-8,9.3
24,1299,129,-13.5,0,-49,-29.9,18,370,94.5,-22,0,-41,-33.7
5,1965,129.5,-32.5,-32.5,-19,-25.75,10,408,99.225,-30,-30,-8,-25
61,1250,130,23.5,0,56,37.4,36,365,104.18625,-4,0,26,10.6
80,1246,130,42.5,42.5,19,30.75,66,406,109.3955625,26,0,30,30.6
8,1231,130,-29.5,0,-72,-47.8,71,392,114.8653406,31,31,5,24.2
5,1693,130,-32.5,-32.5,-3,-17.75,16,427,120.6086077,-24,0,-55,-41.9
60,1182,130,22.5,0,55,36.5,5,437,126.639038,-35,-35,-11,-30
77,1192,130,39.5,39.5,17,28.25,5,397,132.9709899,-35,-70,0,-28
23,1183,130,-14.5,0,-54,-32.8,43,408,139.6195394,3,0,38,20.8
7,1595,130,-30.5,-30.5,-16,-23.25,68,403,146.6005164,28,28,25,32.1
26,1595,130,-11.5,-42,19,0.7,55,435,153.9305422,15,43,-13,6.8
46,1595,130,8.5,0,20,13.4,14,404,161.6270693,-26,0,-41,-36.1
6,1074,130,-31.5,0,-40,-32.6,8,416,165,-32,-32,-6,-25.4
6,2550,130,-31.5,-31.5,0,-15.75,52,389,165,12,0,44,29.2
5,2550,130,-32.5,-64,-1,-19.9,77,454,165,37,37,25,38.4
6,2550,130,-31.5,-95.5,1,-21.65,89,374,165,49,86,12,44
5,2550,130,-32.5,-128,-1,-26.3,17,416,165,-23,0,-72,-49.8
5,2550,130,-32.5,-160.5,0,-29.05,5,401,165,-35,-35,-12,-30.5
5,1032,130,-32.5,-193,0,-32.3,6,385,165,-34,-69,1,-26.8
6,1020,130,-31.5,-224.5,1,-34.55,15,357,165,-25,-94,9,-19.9
7,1008,130,-30.5,-255,1,-37.2,67,364,165,27,0,52,42.2
6,986,130,-31.5,-286.5,-1,-41.75,78,392,165,38,38,11,32.1
5,971,130,-32.5,-319,-1,-45.4,62,353,165,22,60,-16,11.2
6,1082,130,-31.5,-350.5,1,-47.15,24,362,165,-16,0,-38,-28.6
5,2550,130,-32.5,-383,-1,-51.8,9,376,165,-31,-31,-15,-29.2
4,2550,130,-33.5,-416.5,-1,-55.55,61,338,165,21,0,52,38.6
6,2550,130,-31.5,-448,2,-56.4,73,326,90,33,33,12,29.1
5,2550,130,-32.5,-480.5,-1,-61.55,23,357,94.5,-17,0,-50,-35.2
5,2550,130,-32.5,-513,0,-64.3,8,328,90,-32,-32,-15,-29.9
5,2550,130,-32.5,-545.5,0,-67.55,18,347,94.5,-22,-54,10,-13.6
5,2550,130,-32.5,-578,0,-70.8,67,347,99.225,27,0,49,40.7
18,2550,130,-19.5,-597.5,13,-61.05,76,321,90,36,36,9,29.7
74,2550,130,36.5,0,56,42.6,15,1680,94.5,-25,0,-61,-45.5
73,2550,130,35.5,35.5,-1,17.25,6,2550,99.225,-34,-34,-9,-28.3
76,2550,130,38.5,74,3,24.3,28,1458,104.18625,-12,-46,22,-0.8
72,2550,130,34.5,108.5,-4,22.65,58,2550,109.3955625,18,0,30,25.8
77,2550,130,39.5,148,5,33.1,72,1119,114.8653406,32,32,14,29.4
77,2550,130,39.5,187.5,0,34.55,6,2550,120.6086077,-34,0,-66,-53.4
77,2550,130,39.5,227,0,38.5,5,2550,126.639038,-35,-35,-1,-25
80,2550,130,42.5,269.5,3,45.45,5,2550,132.9709899,-35,-70,0,-28
80,2550,130,42.5,312,0,48.2,4,2550,139.6195394,-36,-106,-1,-32.7
81,2374,130,43.5,355.5,1,53.45,5,2550,90,-35,-141,1,-34.6
77,2364,130,39.5,395,-4,53.3,5,2550,90,-35,-176,0,-38.6
74,2310,130,36.5,431.5,-3,56.25,5,1071,90,-35,-211,0,-42.1
72,2298,130,34.5,466,-2,59.4,5,1054,90,-35,-246,0,-45.6
8,2292,130,-29.5,0,-64,-43.8,5,1038,90,-35,-281,0,-49.1
4,2311,130,-33.5,-33.5,-4,-18.75,5,2550,90,-35,-316,0,-52.6
5,2276,130,-32.5,-66,1,-19.1,6,2550,90,-34,-350,1,-54.9
5,2214,130,-32.5,-98.5,0,-22.85,14,2320,90,-26,-376,8,-49.2
5,2226,130,-32.5,-131,0,-26.1,27,385,90,-13,-389,13,-40.2
5,2197,130,-32.5,-163.5,0,-29.35,65,321,90,25,0,38,34
6,2219,130,-31.5,-195,1,-31.6,65,334,94.5,25,25,0,17.5
6,2184,130,-31.5,-226.5,0,-35.25,58,345,99.225,18,43,-7,11.6
5,2167,130,-32.5,-259,-1,-39.4,22,353,104.18625,-18,0,-36,-28.8
6,2153,130,-31.5,-290.5,1,-41.15,4,355,109.3955625,-36,-36,-18,-34.2
5,2550,130,-32.5,-323,-1,-45.8,11,355,114.8653406,-29,-65,7,-20.4
47,2550,130,9.5,0,42,24.8,32,364,120.6086077,-8,0,21,5.7
74,2550,130,36.5,36.5,27,31.75,47,365,126.639038,7,0,15,11.7
78,2550,130,40.5,77,4,25.9,29,385,132.9709899,-11,0,-18,-15.6
78,2550,130,40.5,117.5,0,27.95,10,353,139.6195394,-30,-30,-19,-30.5
79,2550,130,41.5,159,1,33,19,366,146.6005164,-21,-51,9,-13.2
73,2550,130,35.5,194.5,-6,30.65,65,403,153.9305422,25,0,46,38
8,2550,130,-29.5,0,-65,-44.3,80,376,161.6270693,40,40,15,35.5
5,2550,130,-32.5,-32.5,-3,-17.75,16,389,165,-24,0,-64,-46.4
48,2550,130,10.5,0,43,25.7,5,349,165,-35,-35,-11,-30
73,2550,130,35.5,35.5,25,30.25,5,334,165,-35,-70,0,-28
10,2550,130,-27.5,0,-63,-42.5,21,337,165,-19,-89,16,-12.3
8,2550,130,-29.5,-29.5,-2,-15.75,69,364,165,29,0,48,41.4
14,2550,130,-23.5,-53,6,-11.7,68,321,90,28,28,-1,19.1
46,2475,130,8.5,0,32,19.4,68,326,90,28,56,0,22.4
66,1925,130,28.5,28.5,20,24.25,64,321,90,24,80,-4,20.4
20,2441,130,-17.5,0,-46,-30,37,365,94.5,-3,0,-27,-15.3
6,1793,130,-31.5,-31.5,-14,-22.75,9,347,99.225,-31,-31,-28,-35.7
24,2416,130,-13.5,-45,18,-0.9,22,334,104.18625,-18,-49,13,-9.2
78,2416,130,40.5,0,54,43.2,64,345,109.3955625,24,0,42,35.4
76,1813,130,38.5,38.5,-2,18.25,67,338,114.8653406,27,27,3,20.4
7,1795,130,-30.5,0,-69,-46.7,60,357,120.6086077,20,47,-7,13.2
9,1786,130,-28.5,-28.5,2,-13.25,17,385,126.639038,-23,0,-43,-35.3
51,2550,130,13.5,0,42,26.4,6,355,132.9709899,-34,-34,-11,-29.3
61,2550,130,23.5,23.5,10,16.75,17,376,139.6195394,-23,-57,11,-14
9,2550,130,-28.5,0,-52,-37.4,64,374,146.6005164,24,0,47,37.9
6,2313,130,-31.5,-31.5,-3,-17.25,66,384,153.9305422,26,26,2,19.2
39,2550,130,1.5,0,33,17.1,67,374,161.6270693,27,53,1,22
65,2550,130,27.5,27.5,26,26.75,36,365,165,-4,0,-31,-17.9
42,2550,130,4.5,0,-23,-9.7,8,348,165,-32,-32,-28,-36.4
11,2550,130,-26.5,0,-31,-26.1,14,374,165,-26,-58,6,-18.4
38,2550,130,0.5,0,27,13.7,72,376,165,32,0,58,48.2
78,2550,130,40.5,40.5,40,40.25,70,321,90,30,30,-2,20
45,2550,130,7.5,0,-33,-13.5,68,347,94.5,28,58,-2,21.6
6,2550,130,-31.5,0,-39,-32.1,57,330,90,17,75,-11,12.2
5,2550,130,-32.5,-32.5,-1,-16.75,20,338,94.5,-20,0,-37,-30.5
5,2550,130,-32.5,-65,0,-19.5,9,355,99.225,-31,-31,-11,-27.2
4,1490,130,-33.5,-98.5,-1,-23.75,14,338,104.18625,-26,-57,5,-18.8
5,1488,130,-32.5,-131,1,-25.6,49,348,109.3955625,9,0,35,22.9
4,2550,130,-33.5,-164.5,-1,-30.35,67,357,114.8653406,27,27,18,27.9
5,2550,130,-32.5,-197,1,-32.2,50,376,120.6086077,10,37,-17,1.2
6,2550,130,-31.5,-228.5,1,-34.95,8,389,126.639038,-32,0,-42,-40.2
6,2550,130,-31.5,-260,0,-38.6,6,406,132.9709899,-34,-34,-2,-24.8
6,2550,130,-31.5,-291.5,0,-41.75,57,391,139.6195394,17,0,51,35.7
6,2550,130,-31.5,-323,0,-44.9,76,410,146.6005164,36,36,19,34.7
16,2550,130,-21.5,-344.5,10,-38.05,43,404,153.9305422,3,0,-33,-14.7
8,2550,130,-29.5,-374,-8,-53.2,5,401,161.6270693,-35,0,-38,-40
5,2550,130,-32.5,-406.5,-3,-55.15,6,391,165,-34,-34,1,-23.3
6,2550,130,-31.5,-438,1,-55.9,60,370,165,20,0,54,39
6,1202,130,-31.5,-469.5,0,-59.55,74,334,165,34,34,14,30.8
5,1160,130,-32.5,-502,-1,-63.7,8,357,165,-32,0,-66,-52.2
5,1148,130,-32.5,-534.5,0,-66.45,5,372,165,-35,-35,-3,-26
5,1148,130,-32.5,-567,0,-69.7,5,383,165,-35,-70,0,-28
5,1148,130,-32.5,-599.5,0,-72.95,50,326,90,10,0,45,28.5
49,1092,130,11.5,0,44,26.6,68,347,94.5,28,28,18,28.6
76,2550,130,38.5,38.5,27,32.75,63,345,99.225,23,51,-5,16.4
80,2550,130,42.5,81,4,27.1,44,321,90,4,0,-19,-7.1
80,2550,130,42.5,123.5,0,29.35,23,2550,94.5,-17,0,-21,-20.7
81,1024,130,43.5,167,1,34.6,32,2550,99.225,-8,0,9,-0.3
84,986,130,46.5,213.5,3,41.45,71,2550,104.18625,31,0,39,38.1
81,955,130,43.5,257,-3,41.6,53,2550,109.3955625,13,13,-18,0.1
78,943,130,40.5,297.5,-3,44.45,5,2550,114.8653406,-35,0,-48,-45
77,943,130,39.5,337,-1,49,5,2550,120.6086077,-35,-35,0,-24.5
74,943,130,36.5,373.5,-3,50.45,5,2550,126.639038,-35,-70,0,-28
76,877,130,38.5,412,2,57.6,4,2550,132.9709899,-36,-106,-1,-32.7
5,873,130,-32.5,0,-71,-48.5,5,1498,90,-35,-141,1,-34.6
4,2550,130,-33.5,-33.5,-1,-17.25,5,2000,90,-35,-176,0,-38.6
10,845,130,-27.5,-61,6,-14.1,5,2550,90,-35,-211,0,-42.1
5,835,130,-32.5,-93.5,-5,-24.85,5,1736,90,-35,-246,0,-45.6
4,810,130,-33.5,-127,-1,-26.6,5,2550,90,-35,-281,0,-49.1
4,779,130,-33.5,-160.5,0,-29.45,4,2550,90,-36,-317,-1,-53.8
5,754,130,-32.5,-193,1,-31.8,4,2550,90,-36,-353,0,-56.9
4,756,130,-33.5,-226.5,-1,-36.55,5,2550,90,-35,-388,1,-59.3
4,721,130,-33.5,-260,0,-39.4,5,2550,90,-35,-423,0,-63.3
3,705,130,-34.5,-294.5,-1,-43.75,5,392,90,-35,-458,0,-66.8
4,689,130,-33.5,-328,1,-45.7,29,334,90,-11,-469,24,-41.5
74,675,130,36.5,0,70,49.6,72,348,90,32,0,43,40.7
78,653,130,40.5,40.5,4,22.25,70,374,94.5,30,30,-2,20
81,626,130,43.5,84,3,27.3,66,357,99.225,26,56,-4,19.2
78,607,130,40.5,124.5,-3,27.15,65,389,104.18625,25,81,-1,22.6
72,586,90,34.5,159,-6,26.7,53,365,109.3955625,13,94,-12,11.2
72,563,90,34.5,193.5,0,33.15,7,397,114.8653406,-33,0,-46,-42.8
71,555,90,33.5,227,-1,35.6,5,428,120.6086077,-35,-35,-2,-25.5
32,551,90,-5.5,0,-39,-21.7,5,355,126.639038,-35,-70,0,-28
5,546,89,-32.5,-32.5,-27,-29.75,16,370,132.9709899,-24,-94,11,-18.3
8,525,88,-29.5,-62,3,-16.5,60,355,139.6195394,20,0,44,34
41,506,87,3.5,0,33,17.9,78,340,146.6005164,38,38,18,35.6
37,496,80,-0.5,0,-4,-2.2,46,357,153.9305422,6,0,-32,-12.4
11,483,80,-26.5,-26.5,-26,-26.25,6,326,90,-34,0,-40,-40.4
14,473,80,-23.5,-50,3,-12.9,5,321,90,-35,-35,-1,-25
43,452,80,5.5,0,29,16.7,35,321,90,-5,0,30,12
68,437,80,30.5,30.5,25,27.75,68,326,90,28,0,33,33.3
25,429,80,-12.5,0,-43,-26.5,58,321,90,18,18,-10,7.6
5,420,80,-12.5,0,-43,-26.5,11,340,94.5,-29,0,-47,-40.9
23,399,80,-12.5,0,-43,-26.5,8,334,99.225,-32,-32,-3,-23.9
48,397,80,-12.5,0,-43,-26.5,48,304,90,8,0,40,24.8
52,393,80,-12.5,0,-43,-26.5,69,321,90,29,29,21,30.8
52,397,80,-12.5,0,-43,-26.5,73,303,90,33,62,4,28
52,393,80,-12.5,0,-43,-26.5,20,308,90,-20,0,-53,-38.5
52,393,80,-12.5,0,-43,-26.5,5,321,90,-35,-35,-15,-32
52,393,80,-12.5,0,-43,-26.5,6,326,90,-34,-69,1,-26.8
52,393,80,14.5,0,27,19.3,48,221,90,8,0,42,25.8
37,392,80,-0.5,0,-15,-7.7,67,321,90,27,27,19,28.4
23,376,80,-14.5,-14.5,-14,-14.25,68,213,90,28,55,1,22.8
5,365,80,-32.5,-47,-18,-26.7,80,267,90,40,95,12,39.5
5,365,80,-32.5,-79.5,0,-20.95,78,236,90,38,133,-2,35.1
6,357,80,-31.5,-111,1,-23.2,82,235,90,42,175,4,44.7
5,355,80,-32.5,-143.5,-1,-27.85,82,278,90,42,217,0,46.9
5,365,80,-32.5,-32.5,0,-16.25,78,229,90,38,255,-4,46.3
5,365,80,-32.5,-65,0,-19.5,69,213,90,29,284,-9,41.3
4,1672,80,-33.5,-98.5,-1,-23.75,57,217,90,17,301,-12,34.3
5,1393,80,-32.5,-131,1,-25.6,28,267,90,-12,0,-29,-21.7
6,1353,80,-31.5,-162.5,1,-28.35,11,259,90,-29,-29,-17,-28.8
5,1313,80,-32.5,-195,-1,-33,5,326,90,-35,-64,-6,-30.4
13,1219,80,-24.5,-219.5,8,-27.75,4,199,90,-36,-100,-1,-32.1
10,800,80,-27.5,-247,-3,-37.2,4,203,90,-36,-136,0,-35.2
13,1156,80,-24.5,-271.5,3,-35.45,4,243,90,-36,-172,0,-38.8
12,1147,80,-25.5,-297,-1,-40.4,4,205,90,-36,-208,0,-42.4
5,1129,80,-32.5,-329.5,-7,-49.45,4,304,90,-36,-244,0,-46
6,1114,80,-31.5,-361,1,-48.2,4,225,90,-36,-280,0,-49.6
6,810,80,-31.5,-392.5,0,-51.85,4,191,90,-36,-316,0,-53.2
5,1111,80,-32.5,-425,-1,-56,4,195,90,-36,-352,0,-56.8
6,1525,80,-31.5,-456.5,1,-57.75,4,197,90,-36,-388,0,-60.4
6,1521,80,-31.5,-488,0,-61.4,5,203,90,-35,-423,1,-62.8
6,1520,80,-31.5,-519.5,0,-64.55,4,321,90,-36,-459,-1,-68
67,1563,80.5,29.5,0,61,42.3,5,190,90,-35,-494,1,-69.9
80,1615,81,42.5,42.5,13,27.75,14,259,90,-26,-520,9,-63.1
79,1227,81.5,41.5,84,-1,24.5,6,183,90,-34,-554,-8,-79.8
78,1460,82,40.5,124.5,-1,28.15,5,183,90,-35,-589,-1,-80.4
79,1443,82.5,41.5,166,1,33.7,14,179,90,-26,-615,9,-72.6
80,1020,83,42.5,208.5,1,38.35,10,173,90,-30,-645,-4,-84.5
78,992,83.5,40.5,249,-2,40.1,5,181,90,-35,-680,-5,-91.5
77,982,84,39.5,288.5,-1,44.15,5,2550,90,-35,-715,0,-92.5
77,963,84.5,39.5,328,0,48.6,5,184,90,-35,-750,0,-96
35,972,85,-2.5,0,-42,-22,5,164,90,-35,-785,0,-99.5
5,1351,85.5,-32.5,-32.5,-30,-31.25,5,1387,90,-35,-820,0,-103
42,1236,86,4.5,0,37,20.3,4,1387,90,-36,-856,-1,-107.7
81,931,86.5,43.5,43.5,39,41.25,5,2550,90,-35,-891,1,-109.6
78,937,87,40.5,84,-3,23.1,5,197,90,-35,-926,0,-113.6
38,1288,87.5,0.5,0,-40,-19.8,6,2550,90,-34,-960,1,-115.9
19,1318,88,-18.5,0,-19,-16.9,71,1603,94.5,31,0,65,51.1
80,1166,88.5,42.5,0,61,47.5,79,1295,99.225,39,39,8,31.3
79,1152,89,41.5,41.5,-1,20.25,79,1262,104.18625,39,78,0,31.2
80,1232,89.5,42.5,84,1,25.9,71,1563,109.3955625,31,109,-8,25.5
78,1761,90,40.5,124.5,-2,27.65,68,1680,90,28,137,-3,29
71,1701,90.5,33.5,158,-7,25.7,67,217,90,27,164,-1,32.1
16,1690,91,-21.5,0,-55,-36.1,70,1505,90,30,194,3,38.9
41,1665,91.5,3.5,0,25,13.9,70,173,90,30,224,0,40.4
79,1654,92,41.5,41.5,38,39.75,17,183,90,-23,0,-53,-40.3
80,2550,92.5,42.5,84,1,25.9,5,189,90,-35,-35,-12,-30.5
79,1625,93,41.5,125.5,-1,28.65,5,298,90,-35,-70,0,-28
79,1294,93.5,41.5,167,0,33.3,67,179,90,27,0,62,47.2
77,2550,94,39.5,206.5,-2,35.45,78,207,90,38,38,11,32.1
39,1771,94.5,1.5,0,-38,-18.4,74,219,0,38,38,11,32.1
11,2550,95,-26.5,0,-28,-24.6,55,183,0,38,38,11,32.1
88,1744,95.5,50.5,0,77,58.7,38,197,0,38,38,11,32.1
78,2550,96,40.5,40.5,-10,15.25,33,197,0,38,38,11,32.1
66,2550,96.5,28.5,69,-12,12.3,33,211,0,38,38,11,32.1
54,2550,97,16.5,85.5,-12,9.15,33,221,0,38,38,11,32.1
48,1551,97.5,10.5,96,-6,10.8,33,241,0,38,38,11,32.1
41,2550,98,3.5,0,-7,-2.1,33,259,0,38,38,11,32.1
39,2550,98.5,1.5,0,-2,-0.4,33,326,90,-7,0,-45,-26.7
70,2550,99,32.5,32.5,31,31.75,33,321,90,-7,0,0,-4.2
75,2550,99.5,37.5,70,5,24.5,52,321,90,12,0,19,16.7
55,2550,100,17.5,87.5,-20,5.75,65,321,90,25,25,13,24
34,2550,100.5,-3.5,0,-21,-11.9,41,326,90,1,0,-24,-11.4
74,2550,101,36.5,0,40,34.6,11,321,90,-29,0,-30,-32.4
77,2550,101.5,39.5,39.5,3,21.25,28,347,94.5,-12,-12,17,0.1
77,1262,102,39.5,79,0,23.7,75,372,99.225,35,0,47,44.5
78,2550,102.5,40.5,119.5,1,28.65,76,1179,104.18625,36,36,1,25.7
75,2550,103,37.5,157,-3,29.2,75,1246,109.3955625,35,71,-1,27.6
44,2550,103.5,6.5,0,-31,-12.9,73,347,114.8653406,33,104,-2,29.2
43,2550,104,5.5,0,-1,1.7,70,338,90,30,134,-3,29.9
78,2550,104.5,40.5,40.5,35,37.75,61,338,90,21,155,-9,23.6
74,2550,105,36.5,77,-4,20.3,22,338,90,-18,0,-39,-30.3
62,2550,105.5,24.5,101.5,-12,13.95,5,349,94.5,-35,-35,-17,-33
64,2550,106,26.5,128,2,24.4,38,328,90,-2,0,33,15.3
64,2550,106.5,26.5,154.5,0,26.05,74,340,94.5,34,0,36,38.4
30,2550,107,-7.5,0,-34,-20,72,1664,99.225,32,32,-2,21.4
7,2489,107.5,-30.5,-30.5,-23,-26.75,74,1662,104.18625,34,66,2,28
54,2550,108,16.5,0,47,30.1,76,1627,109.3955625,36,102,2,32.8
77,2550,108.5,39.5,39.5,23,31.25,79,326,90,39,141,3,39
56,2550,109,18.5,58,-21,2.7,86,334,90,46,187,7,49.8
5,2550,109.5,-32.5,0,-51,-38.5,72,1573,90,32,219,-14,34.1
5,2550,110,-32.5,-32.5,0,-16.25,19,303,90,-21,0,-53,-39.1
64,2550,110.5,26.5,0,59,40.1,16,321,90,-24,-24,-3,-18.3
78,2550,111,40.5,40.5,14,27.25,6,303,90,-34,-58,-10,-31.2
18,2430,111.5,-19.5,0,-60,-37.8,7,326,90,-33,-91,1,-28.4
5,2419,112,-32.5,-32.5,-13,-22.75,63,326,90,23,0,56,41.8
38,2550,112.5,0.5,0,33,16.7,77,326,90,37,37,14,32.9
55,2550,113,17.5,17.5,17,17.25,73,2550,94.5,33,70,-4,24.8
17,2334,113.5,-20.5,0,-38,-27.2,73,382,99.225,33,103,0,30.1
9,2358,114,-28.5,-28.5,-8,-18.25,69,389,90,29,132,-4,28.6
55,2550,114.5,17.5,0,46,30,51,2550,90,11,143,-18,11.9
71,2550,115,33.5,33.5,16,24.75,30,326,90,-10,0,-21,-16.5
31,2302,115.5,-6.5,0,-40,-22.6,17,391,94.5,-23,-23,-13,-22.6
5,2241,116,-32.5,-32.5,-26,-29.25,62,392,99.225,22,0,45,35.7
37,2305,116.5,-0.5,0,32,15.8,70,348,104.18625,30,30,8,25
78,2550,117,40.5,0,41,36.7,73,376,109.3955625,33,63,3,27.6
58,2241,117.5,20.5,20.5,-20,0.25,75,389,114.8653406,35,98,2,31.8
6,2550,118,-31.5,0,-52,-38.6,76,329,90,36,134,1,35.5
8,2181,118.5,-29.5,-29.5,2,-13.75,72,321,90,32,166,-4,33.8
70,2342,119,32.5,0,62,44,70,329,90,30,196,-2,36.6
71,2146,119.5,33.5,33.5,1,17.25,31,321,90,-9,0,-39,-24.9
8,2098,120,-29.5,0,-63,-43.3,5,321,90,-35,-35,-26,-37.5
5,2064,120.5,-32.5,-32.5,-3,-17.75,35,326,90,-5,0,30,12
56,2045,121,18.5,0,51,32.9,65,340,94.5,25,0,30,30
62,2037,121.5,24.5,24.5,6,15.25,65,376,99.225,25,25,0,17.5
8,2018,122,-29.5,0,-54,-38.8,62,374,104.18625,22,47,-3,16.4
9,1984,122.5,-28.5,-28.5,1,-13.75,59,349,109.3955625,19,66,-3,16.5
63,1964,123,25.5,0,54,37.2,49,355,114.8653406,9,0,-10,0.4
69,1955,123.5,31.5,31.5,6,18.75,28,376,120.6086077,-12,0,-21,-17.7
9,1934,124,-28.5,0,-60,-41.4,26,385,126.639038,-14,-14,-2,-10.8
5,1898,124.5,-32.5,-32.5,-4,-18.25,61,385,132.9709899,21,0,35,30.1
48,1881,125,10.5,0,43,25.7,71,357,139.6195394,31,31,10,26.7
69,1862,125.5,31.5,31.5,21,26.25,25,389,146.6005164,-15,0,-46,-32
12,1837,126,-25.5,0,-57,-38.7,15,412,153.9305422,-25,-25,-10,-22.5
6,1816,126.5,-31.5,-31.5,-6,-18.75,19,384,161.6270693,-21,-46,4,-15.2
61,1801,127,23.5,0,55,36.9,48,338,165,8,0,29,19.3
76,1785,127.5,38.5,38.5,15,26.75,58,334,165,18,18,10,17.6
21,1761,128,-16.5,0,-55,-34.1,61,353,165,21,39,3,18
6,1736,128.5,-31.5,-31.5,-15,-23.25,45,328,90,5,0,-16,-5
26,1722,129,-11.5,-43,20,1.1,7,330,90,-33,0,-38,-38.8
50,1694,129.5,12.5,0,24,17,14,349,94.5,-26,-26,7,-14.7
34,1679,130,-3.5,0,-16,-9.4,77,328,90,37,0,63,53.7
20,1658,130,-17.5,-17.5,-14,-15.75,81,372,94.5,41,41,4,30.7
42,1633,130,4.5,0,22,12.8,43,330,90,3,0,-38,-17.2
64,1623,130,26.5,26.5,22,24.25,5,349,94.5,-35,0,-38,-40
36,1587,130,-1.5,0,-28,-14.6,5,370,99.225,-35,-35,0,-24.5
7,1577,130,-30.5,-30.5,-29,-29.75,38,372,104.18625,-2,0,33,15.3
43,1558,130,5.5,0,36,20.2,68,372,109.3955625,28,0,30,31.8
70,1543,130,32.5,32.5,27,29.75,68,401,114.8653406,28,28,0,19.6
29,1519,130,-8.5,0,-41,-23.9,28,391,120.6086077,-12,0,-40,-27.2
6,1499,130,-31.5,-31.5,-23,-27.25,10,393,126.639038,-30,-30,-18,-30
49,1480,130,11.5,0,43,26.1,45,381,132.9709899,5,0,35,20.5
67,1460,130,29.5,29.5,18,23.75,76,385,139.6195394,36,36,31,40.7
24,1438,130,-13.5,0,-43,-26.9,72,428,146.6005164,32,68,-4,24
15,1420,130,-22.5,-22.5,-9,-15.75,12,393,153.9305422,-28,0,-60,-46.8
63,1397,130,25.5,0,48,34.2,10,393,161.6270693,-30,-30,-2,-22
75,1379,130,37.5,37.5,12,24.75,5,365,165,-35,-65,-5,-30
12,1362,130,-25.5,0,-63,-41.7,22,454,165,-18,-83,17,-10.6
6,1362,130,-31.5,-31.5,-6,-18.75,73,383,165,33,0,51,45.3
74,1362,130,36.5,0,68,48.6,74,393,165,34,34,1,24.3
78,1362,130,40.5,40.5,4,22.25,63,349,165,23,57,-11,14
76,1362,130,38.5,79,-2,22.3,10,353,165,-30,0,-53,-44.5
78,1362,130,40.5,119.5,2,29.15,5,362,165,-35,-35,-5,-27
80,1242,130,42.5,162,2,34.2,53,334,165,13,0,48,31.8
78,1223,130,40.5,202.5,-2,35.45,68,364,165,28,28,15,27.1
75,1206,130,37.5,240,-3,37.5,40,329,90,0,0,-28,-14
51,1191,130,13.5,253.5,-24,18.75,10,349,94.5,-30,-30,-30,-36
22,1189,130,-15.5,0,-29,-20.7,19,330,90,-21,-51,9,-13.2
34,1182,130,-3.5,0,12,4.6,76,338,94.5,36,0,57,50.1
62,1152,130,24.5,0,28,23.8,78,349,99.225,38,38,2,27.6
82,1143,130,44.5,44.5,20,32.25,49,347,104.18625,9,0,-29,-9.1
78,1835,130,40.5,85,-4,22.7,9,338,109.3955625,-31,0,-40,-38.6
71,1808,130,33.5,118.5,-7,21.75,15,404,114.8653406,-25,-25,6,-14.5
56,1778,130,18.5,137,-15,13.6,69,365,120.6086077,29,0,54,44.4
43,1757,130,5.5,0,-13,-4.3,73,370,126.639038,33,33,4,25.1
50,1736,130,12.5,12.5,7,9.75,34,462,132.9709899,-6,0,-39,-23.1
76,1716,130,38.5,51,26,33.5,14,365,139.6195394,-26,-26,-20,-28.2
72,1696,130,34.5,85.5,-4,20.35,46,389,146.6005164,6,0,32,19.6
74,1676,130,36.5,122,2,27.8,69,357,153.9305422,29,29,23,31.8
78,1656,130,40.5,162.5,4,34.45,54,416,161.6270693,14,43,-15,5.2
72,1638,130,34.5,197,-6,30.5,6,376,165,-34,0,-48,-44.4
53,1627,130,15.5,212.5,-19,17.95,5,374,165,-35,-35,-1,-25
20,2550,130,-17.5,0,-33,-23.5,63,404,165,23,0,58,42.8
68,2550,130,30.5,0,48,36.2,72,404,165,32,32,9,26.9
79,1580,130,41.5,41.5,11,26.25,55,1337,165,15,47,-17,5.2
78,1579,130,40.5,82,-1,23.9,40,1317,165,0,0,-15,-7.5
78,1632,130,40.5,122.5,0,28.45,69,1282,165,29,29,29,34.8
77,2550,130,39.5,162,-1,31.5,75,1271,165,35,64,6,30.4
32,2550,130,-5.5,0,-45,-24.7,77,1234,165,37,101,2,33.3
5,2550,130,-32.5,-32.5,-27,-29.75,74,349,90,34,135,-3,32.4
52,2550,130,14.5,0,47,29.3,73,1189,90,33,168,-1,36.1
69,2550,130,31.5,31.5,17,24.25,72,1189,90,32,200,-1,38.7
34,2550,130,-3.5,0,-35,-18.9,73,1171,90,33,233,1,43.6
7,2550,130,-30.5,-30.5,-27,-28.75,75,340,90,35,268,2,48.8
57,2550,130,19.5,0,50,32.8,63,348,90,23,291,-12,36.9
75,2550,130,37.5,37.5,18,27.75,5,326,90,-35,0,-58,-50
61,2550,130,23.5,61,-14,8.5,13,330,90,-27,-27,8,-14.9
7,2550,130,-30.5,0,-54,-39.2,6,340,94.5,-34,-61,-7,-30
5,2550,130,-32.5,-32.5,-2,-17.25,8,376,99.225,-32,-93,2,-27.5
50,2550,130,12.5,0,45,27.5,70,401,104.18625,30,0,62,49
68,2550,130,30.5,30.5,18,24.25,67,1797,109.3955625,27,27,-3,17.4
23,2550,130,-14.5,0,-45,-28.3,60,1115,114.8653406,20,47,-7,13.2
5,2550,130,-32.5,-32.5,-18,-25.25,61,1763,120.6086077,21,68,1,19.9
54,1919,130,16.5,0,49,31.1,65,1763,126.639038,25,93,4,26.3
77,1881,130,39.5,39.5,23,31.25,65,1763,132.9709899,25,118,0,26.8
47,1944,130,9.5,0,-30,-11.2,65,420,90,25,143,0,29.3
5,1852,130,-32.5,0,-42,-34,69,420,90,29,172,4,36.6
18,1848,130,-19.5,-19.5,13,-3.25,72,475,90,32,204,3,41.1
68,2550,130,30.5,0,50,37.2,30,404,90,-10,0,-42,-27
63,1793,130,25.5,25.5,-5,10.25,5,418,94.5,-35,-35,-25,-37
9,1771,130,-28.5,0,-54,-38.4,54,416,99.225,14,0,49,32.9
16,1732,130,-21.5,-21.5,7,-7.25,73,460,104.18625,33,33,19,32.6
83,1732,130,45.5,0,67,51.7,78,464,109.3955625,38,71,5,32.4
76,1732,130,38.5,38.5,-7,15.75,80,460,114.8653406,40,111,2,36.1
47,1678,130,9.5,0,-29,-10.7,72,447,90,32,143,-8,29.5
35,1650,130,-2.5,0,-12,-7,67,420,90,27,170,-5,30.7
53,1633,130,15.5,0,18,15.2,50,439,90,10,180,-17,15.5
57,1612,130,19.5,19.5,4,11.75,12,437,90,-28,0,-38,-35.8
12,1603,130,-25.5,0,-45,-32.7,5,446,94.5,-35,-35,-7,-28
6,1581,130,-31.5,-31.5,-6,-18.75,30,448,99.225,-10,-45,25,2
58,2257,130,20.5,0,52,34.2,66,462,104.18625,26,0,36,33.6
60,1555,130,22.5,22.5,2,12.25,64,471,109.3955625,24,24,-2,15.8
5,1520,130,-32.5,0,-55,-40.5,37,473,114.8653406,-3,0,-27,-15.3
6,1511,130,-31.5,-31.5,1,-15.25,18,490,120.6086077,-22,-22,-19,-24.9
56,1511,130,18.5,0,50,32.4,46,473,126.639038,6,0,28,17.6
69,1511,130,31.5,31.5,13,22.25,62,479,132.9709899,22,22,16,23.4
18,1511,130,-19.5,0,-51,-33.3,63,498,139.6195394,23,45,1,18.8
6,1511,130,-31.5,-31.5,-12,-21.75,31,475,146.6005164,-9,0,-32,-21.4
48,1511,130,10.5,0,42,25.2,14,492,153.9305422,-26,-26,-17,-26.7
67,1511,130,29.5,29.5,19,24.25,49,473,161.6270693,9,0,35,22.9
8,2550,130,-29.5,0,-59,-41.3,68,456,165,28,28,19,29.1
5,1407,130,-32.5,-32.5,-3,-17.75,61,455,165,21,49,-7,14
39,2550,130,1.5,0,34,17.6,14,462,165,-26,0,-47,-39.1
70,1497,130,32.5,32.5,31,31.75,5,448,165,-35,-35,-9,-29
17,1442,130,-20.5,0,-53,-34.7,40,456,165,0,0,35,17.5
6,1301,130,-31.5,-31.5,-11,-21.25,71,445,165,31,31,31,37.2
35,1397,130,-2.5,0,29,13.5,55,437,165,15,46,-16,5.6
66,2550,130,28.5,0,31,26.9,9,420,165,-31,0,-46,-41.6
40,2469,130,2.5,0,-26,-12,12,416,165,-28,-28,3,-18.1
7,1380,130,-30.5,0,-33,-28.7,60,425,165,20,0,48,36
45,1376,130,7.5,0,38,22,67,412,165,27,27,7,22.4
76,1336,130,38.5,38.5,31,34.75,67,412,165,27,54,0,21.6
37,2352,130,-0.5,0,-39,-19.7,44,420,165,4,0,-23,-9.1
18,2336,130,-19.5,-19.5,-19,-19.25,16,361,165,-24,0,-28,-28.4
52,1277,130,14.5,0,34,22.8,16,374,165,-24,-24,0,-16.8
79,1250,130,41.5,41.5,27,34.25,58,374,165,18,0,42,31.8
65,2292,130,27.5,69,-14,10.9,67,382,165,27,27,9,23.4
58,2284,130,20.5,89.5,-7,13.65,24,372,165,-16,0,-43,-31.1
66,1543,130,28.5,118,8,27.2,5,348,165,-35,-35,-19,-34
70,1543,130,32.5,150.5,4,30.05,25,338,165,-15,-50,20,-4
71,326,80,33.5,184,1,32.3,69,376,165,29,0,44,39.4
77,2550,80.5,39.5,223.5,6,41.15,79,329,90,39,39,10,32.3
74,1121,81,36.5,260,-3,39.1,61,326,90,21,60,-18,9.6
22,1127,81.5,-15.5,0,-52,-32.2,20,330,90,-20,0,-41,-32.5
6,1106,82,-31.5,-31.5,-16,-23.75,5,329,90,-35,-35,-15,-32
39,1093,82.5,1.5,0,33,17.1,18,374,94.5,-22,-57,13,-12.4
78,1076,83,40.5,40.5,39,39.75,69,357,99.225,29,0,51,42.9
83,1062,83.5,45.5,86,5,29.3,77,361,104.18625,37,37,8,29.9
63,1050,84,25.5,111.5,-20,11.35,65,338,109.3955625,25,62,-12,15.2
18,1037,84.5,-19.5,0,-45,-30.3,11,365,114.8653406,-29,0,-54,-44.4
13,1032,85,-24.5,-24.5,-5,-14.75,5,347,120.6086077,-35,-35,-6,-27.5
74,1024,85.5,36.5,0,61,45.1,39,321,90,-1,0,34,16.4
76,998,86,38.5,38.5,2,20.25,66,336,94.5,26,0,27,29.1
42,998,86.5,4.5,0,-34,-15.2,45,382,99.225,5,0,-21,-7.5
16,1000,87,-21.5,0,-26,-21.6,13,326,90,-27,0,-32,-32.2
80,978,87.5,42.5,0,64,49,9,321,90,-31,-31,-4,-23.7
81,964,88,43.5,43.5,1,22.25,60,321,90,20,0,51,37.5
79,2550,88.5,41.5,85,-2,24.1,72,340,94.5,32,32,12,28.4
77,2550,89,39.5,124.5,-2,27.25,70,321,90,30,62,-2,23.2
68,2550,89.5,30.5,155,-9,23.2,46,326,90,6,0,-24,-8.4
47,2550,90,9.5,0,-21,-6.7,5,326,90,-35,0,-41,-41.5
26,2550,90.5,-11.5,0,-21,-15.1,6,324,90,-34,-34,1,-23.3
77,2550,91,39.5,0,51,41.3,63,329,90,23,0,57,42.3
78,891,91.5,40.5,40.5,1,20.75,79,347,94.5,39,39,16,35.3
77,871,92,39.5,80,-1,23.3,28,389,99.225,-12,0,-51,-32.7
74,878,92.5,36.5,116.5,-3,24.75,5,329,90,-35,-35,-23,-36
61,2550,93,23.5,140,-13,16.9,6,326,90,-34,-69,1,-26.8
45,2441,93.5,7.5,0,-16,-5,55,340,94.5,15,0,49,33.5
59,2426,94,21.5,21.5,14,17.75,75,2332,99.225,35,35,20,34.5
80,2422,94.5,42.5,64,21,33.9,55,384,104.18625,15,50,-20,4
77,2550,95,39.5,103.5,-3,24.65,11,321,90,-29,0,-44,-39.4
69,2550,95.5,31.5,135,-8,22.1,25,348,94.5,-15,-15,14,-3.5
48,2550,96,10.5,145.5,-21,8.25,72,1273,99.225,32,0,47,42.7
24,2550,96.5,-13.5,0,-24,-17.4,66,1290,104.18625,26,26,-6,15.2
29,2494,97,-8.5,0,5,-0.9,61,1236,109.3955625,21,47,-5,14.8
64,2479,97.5,26.5,0,35,28.1,59,2253,114.8653406,19,66,-2,17
66,2459,98,28.5,28.5,2,15.25,60,347,120.6086077,20,86,1,21.1
21,2443,98.5,-16.5,0,-45,-29.1,62,1529,126.639038,22,108,2,25
17,2441,99,-20.5,-20.5,-4,-12.25,64,2216,90,24,132,2,28.6
66,2420,99.5,28.5,0,49,35.9,68,1145,90,28,160,4,34.8
74,2404,100,36.5,36.5,8,22.25,71,1148,90,31,191,3,39.2
58,2396,100.5,20.5,57,-16,5.9,73,873,90,33,224,2,43.2
9,2379,101,-28.5,0,-49,-35.9,62,326,90,22,246,-11,32.3
16,2370,101.5,-21.5,-21.5,7,-7.25,6,326,90,-34,0,-56,-48.4
75,2343,102,37.5,0,59,44.5,5,321,90,-35,-35,-1,-25
76,2335,102.5,38.5,38.5,1,19.75,30,328,90,-10,-45,25,2
18,2326,103,-19.5,0,-58,-36.8,77,329,90,37,0,47,45.7
5,2330,103.5,-32.5,-32.5,-13,-22.75,75,362,94.5,35,35,-2,23.5
39,2306,104,1.5,0,34,17.6,41,357,99.225,1,0,-34,-16.4
68,2297,104.5,30.5,30.5,29,29.75,11,392,104.18625,-29,0,-30,-32.4
27,2283,105,-10.5,0,-41,-24.7,50,357,109.3955625,10,0,39,25.5
5,2289,105.5,-32.5,-32.5,-22,-27.25,77,971,114.8653406,37,37,27,39.4
36,2249,106,-1.5,0,31,14.9,75,962,120.6086077,35,72,-2,27.2
70,2241,106.5,32.5,0,34,30,69,968,126.639038,29,101,-6,24.5
37,2233,107,-0.5,0,-33,-16.7,66,338,90,26,127,-3,26.8
5,2550,107.5,-32.5,-32.5,-32,-32.25,65,365,90,25,152,-1,29.7
12,1481,108,-25.5,-58,7,-12.5,51,326,90,11,163,-14,15.9
57,2550,108.5,19.5,0,45,30.3,15,321,90,-25,0,-36,-33
65,2550,109,27.5,27.5,8,17.75,15,321,90,-25,-25,0,-17.5
16,2550,109.5,-21.5,0,-49,-33.1,80,326,90,40,0,65,56.5
6,2550,110,-31.5,-31.5,-10,-20.75,81,365,94.5,41,41,1,29.2
62,2550,110.5,24.5,0,56,37.8,82,340,99.225,42,83,1,34
63,2550,111,25.5,25.5,1,13.25,81,321,90,41,124,-1,36.5
12,2550,111.5,-25.5,0,-51,-35.7,74,321,90,34,158,-7,32.7
5,2550,112,-32.5,-32.5,-7,-19.75,55,349,90,15,173,-19,16.8
72,2550,112.5,34.5,0,67,47.3,13,326,90,-27,0,-42,-37.2
77,2550,113,39.5,39.5,5,22.25,6,336,94.5,-34,-34,-7,-27.3
31,2550,113.5,-6.5,0,-46,-25.6,57,326,90,17,0,51,35.7
10,2550,114,-27.5,-27.5,-21,-24.25,64,321,90,24,24,7,20.3
27,2550,114.5,-10.5,-38,17,0.5,67,326,90,27,51,3,22.8
67,2550,115,29.5,0,40,31.8,66,326,90,26,77,-1,22.8
62,2550,115.5,24.5,24.5,-5,9.75,65,364,94.5,25,102,-1,24.7
13,2550,116,-24.5,0,-49,-34.3,54,376,90,14,116,-11,14.5
8,2550,116.5,-29.5,-29.5,-5,-17.25,19,349,90,-21,0,-35,-30.1
73,2550,117,35.5,0,65,46.7,10,345,94.5,-30,-30,-9,-25.5
77,2550,117.5,39.5,39.5,4,21.75,52,345,99.225,12,0,42,28.2
16,2550,118,-21.5,0,-61,-39.1,71,380,104.18625,31,31,19,31.2
5,2550,118.5,-32.5,-32.5,-11,-21.75,53,338,109.3955625,13,44,-18,3.2
68,2550,119,30.5,0,63,43.7,5,340,114.8653406,-35,0,-48,-45
77,2550,119.5,39.5,39.5,9,24.25,11,349,120.6086077,-29,-29,6,-17.3
50,2550,120,12.5,52,-27,-3.3,31,347,126.639038,-9,0,20,4.6
6,2550,120.5,-31.5,0,-44,-34.6,61,374,132.9709899,21,0,30,27.6
8,2550,121,-29.5,-29.5,2,-13.75,62,340,139.6195394,22,22,1,15.9
65,2550,121.5,27.5,0,57,39.5,17,340,146.6005164,-23,0,-45,-36.3
67,1830,122,29.5,29.5,2,15.75,5,338,153.9305422,-35,-35,-12,-30.5
22,1830,122.5,-15.5,0,-45,-28.7,14,330,90,-26,-61,9,-17.2
6,1830,123,-31.5,-31.5,-16,-23.75,65,340,94.5,25,0,51,40.5
58,1830,123.5,20.5,0,52,34.2,68,328,90,28,28,3,21.1
76,2550,124,38.5,38.5,18,28.25,68,357,94.5,28,56,0,22.4
35,2550,124.5,-2.5,0,-41,-21.5,43,362,99.225,3,0,-25,-10.7
5,2550,125,-32.5,-32.5,-30,-31.25,9,420,104.18625,-31,0,-34,-35.6
46,1744,125.5,8.5,0,41,23.9,16,355,109.3955625,-24,-24,7,-13.3
79,2051,126,41.5,41.5,33,37.25,61,389,114.8653406,21,0,45,35.1
34,2550,126.5,-3.5,0,-45,-23.9,68,380,120.6086077,28,28,7,23.1
5,1702,127,-32.5,-32.5,-29,-30.75,53,403,126.639038,13,41,-15,4.4
47,2550,127.5,9.5,0,42,24.8,11,364,132.9709899,-29,0,-42,-38.4
73,2550,128,35.5,35.5,26,30.75,6,412,139.6195394,-34,-34,-5,-26.3
32,2550,128.5,-5.5,0,-41,-22.7,48,418,146.6005164,8,0,42,25.8
6,2550,129,-31.5,-31.5,-26,-28.75,67,416,153.9305422,27,27,19,28.4
31,2550,129.5,-6.5,0,25,9.9,44,349,161.6270693,4,0,-23,-9.1
72,1557,130,34.5,0,41,34.3,7,355,165,-33,0,-37,-38.3
47,2099,130,9.5,0,-25,-8.7,17,334,165,-23,-23,10,-11.1
6,2550,130,-31.5,0,-41,-33.1,59,328,90,19,0,42,32.4
25,1513,130,-12.5,-12.5,19,3.25,68,326,90,28,28,9,24.1
78,2550,130,40.5,0,53,42.7,64,340,94.5,24,52,-4,17.6
75,1468,130,37.5,37.5,-3,17.25,12,374,99.225,-28,0,-52,-42.8
74,1456,130,36.5,74,-1,21.5,6,365,104.18625,-34,-34,-6,-26.8
75,2550,130,37.5,111.5,1,26.65,64,357,109.3955625,24,0,58,43.4
74,2550,130,36.5,148,-1,28.9,72,365,114.8653406,32,32,8,26.4
73,2550,130,35.5,183.5,-1,32.05,71,387,120.6086077,31,63,-1,24.4
74,2550,130,36.5,220,1,37.1,56,397,126.639038,16,79,-15,10
74,2550,130,36.5,256.5,0,40.25,19,392,132.9709899,-21,0,-37,-31.1
74,2550,130,36.5,293,0,43.9,6,376,139.6195394,-34,-34,-13,-30.3
30,1740,130,-7.5,0,-44,-25,40,399,146.6005164,0,0,34,17
5,2550,130,-32.5,-32.5,-25,-28.75,66,418,153.9305422,26,26,26,31.2
78,2550,130,40.5,0,73,52.7,64,365,161.6270693,24,50,-2,18.4
82,2550,130,44.5,44.5,4,24.25,16,401,165,-24,0,-48,-38.4
62,2550,130,24.5,69,-20,6.7,4,366,165,-36,-36,-12,-31.2
56,2550,130,18.5,87.5,-6,13.15,51,380,165,11,0,47,30.1
74,2550,130,36.5,124,18,36,71,374,165,31,31,20,31.7
66,2550,130,28.5,152.5,-8,22.65,83,345,165,43,74,12,39.2
23,2550,130,-14.5,0,-43,-27.3,66,338,165,26,100,-17,17.1
16,2550,130,-21.5,-21.5,-7,-14.25,5,330,90,-35,0,-61,-51.5
79,2550,130,41.5,0,63,48.1,5,326,90,-35,-35,0,-24.5
81,2550,130,43.5,43.5,2,22.75,27,329,90,-13,-48,22,-1.6
81,2550,130,43.5,87,0,26.1,54,404,94.5,14,0,27,21.9
81,2550,130,43.5,130.5,0,30.45,56,372,99.225,16,16,2,12.2
78,2550,130,40.5,171,-3,31.8,28,340,104.18625,-12,0,-28,-21.2
63,2550,130,25.5,196.5,-15,22.35,13,372,109.3955625,-27,-27,-15,-26.4
79,2550,130,41.5,238,16,48.4,68,2550,114.8653406,28,0,55,44.3
80,2550,130,42.5,280.5,1,45.55,81,1595,120.6086077,41,41,13,35.2
78,2550,130,40.5,321,-2,47.3,26,1585,126.639038,-14,0,-55,-35.9
35,2550,130,-2.5,0,-43,-22.5,7,410,132.9709899,-33,-33,-19,-32.6
5,2550,130,-32.5,-32.5,-30,-31.25,54,411,139.6195394,14,0,47,31.9
18,2550,130,-19.5,-52,13,-6.5,73,411,146.6005164,33,33,19,32.6
71,2550,130,33.5,0,53,39.9,69,1450,153.9305422,29,62,-4,21.6
53,2550,130,15.5,15.5,-18,-1.25,65,1450,161.6270693,25,87,-4,21.7
5,2550,130,-32.5,0,-48,-37,69,1450,165,29,116,4,31
5,2550,130,-32.5,-32.5,0,-16.25,66,2550,90,26,142,-3,28.3
44,2550,130,6.5,0,39,22.1,65,2550,90,25,167,-1,31.2
53,2550,130,15.5,15.5,9,12.25,65,2550,90,25,192,0,34.2
18,2550,130,-19.5,0,-35,-25.3,68,2550,90,28,220,3,40.3
9,2550,130,-28.5,-28.5,-9,-18.75,62,2550,90,22,242,-6,34.4
52,2550,130,14.5,0,43,27.3,23,2550,90,-17,0,-39,-29.7
74,2550,130,36.5,36.5,22,29.25,7,418,94.5,-33,-33,-16,-31.1
43,2550,130,5.5,0,-31,-13.3,68,428,99.225,28,0,61,47.3
6,2550,130,-31.5,0,-37,-31.1,77,428,104.18625,37,37,9,30.4
30,2550,130,-7.5,0,24,9,82,2550,109.3955625,42,79,5,35.6
77,2550,130,39.5,0,47,39.3,82,1702,114.8653406,42,121,0,37.3
64,2550,130,26.5,26.5,-13,6.75,52,2550,90,12,133,-30,5.5
7,2550,130,-30.5,0,-57,-40.7,8,464,90,-32,0,-44,-41.2
6,2550,130,-31.5,-31.5,-1,-16.25,12,481,94.5,-28,-28,4,-17.6
67,2550,130,29.5,0,61,42.3,70,2550,99.225,30,0,58,47
75,2550,130,37.5,37.5,8,22.75,73,2550,104.18625,33,33,3,24.6
23,2550,130,-14.5,0,-52,-31.8,71,2550,109.3955625,31,64,-2,24
7,2550,130,-30.5,-30.5,-16,-23.25,61,2550,114.8653406,21,85,-10,16.1
65,2550,130,27.5,0,58,40,46,2550,120.6086077,6,0,-15,-3.9
74,2550,130,36.5,36.5,9,22.75,39,2550,126.639038,-1,0,-7,-4.1
21,2550,130,-16.5,0,-53,-33.1,78,483,132.9709899,38,0,39,42.3
23,2550,130,-14.5,-14.5,2,-6.25,81,474,139.6195394,41,41,3,30.2
70,2550,130,32.5,0,47,36.5,79,500,146.6005164,39,80,-2,30.4
70,2550,130,32.5,32.5,0,16.25,70,446,153.9305422,30,110,-9,24.5
6,2550,130,-31.5,0,-64,-44.6,70,443,90,30,140,0,32
4,2550,130,-33.5,-33.5,-2,-17.75,79,443,90,39,179,9,45.8
57,2550,130,19.5,0,53,34.3,80,446,90,40,219,1,46.4
63,2550,130,25.5,25.5,6,15.75,11,448,90,-29,0,-69,-51.9
9,2550,130,-28.5,0,-54,-38.4,5,446,94.5,-35,-35,-6,-27.5
6,2550,130,-31.5,-31.5,-3,-17.25,11,460,99.225,-29,-64,6,-20.8
48,2550,130,10.5,0,42,25.2,62,496,104.18625,22,0,51,38.7
70,2550,130,32.5,32.5,22,27.25,67,455,109.3955625,27,27,5,21.4
11,2550,130,-26.5,0,-59,-40.1,69,500,114.8653406,29,56,2,24
4,2550,130,-33.5,-33.5,-7,-20.25,70,464,120.6086077,30,86,1,27.1
27,2550,130,-10.5,-44,23,2.9,11,471,126.639038,-29,0,-59,-46.9
39,2550,130,1.5,0,12,6.6,5,481,132.9709899,-35,-35,-6,-27.5
44,2550,130,6.5,0,5,5.1,21,509,139.6195394,-19,-54,16,-8.8
36,2550,130,-1.5,0,-8,-4.6,82,473,146.6005164,42,0,61,55.7
24,2550,130,-13.5,-13.5,-12,-12.75,66,500,153.9305422,26,26,-16,10.2
46,326,80,8.5,0,22,14.4,28,479,161.6270693,-12,0,-38,-26.2
73,2550,80.5,35.5,35.5,27,31.25,15,479,165,-25,-25,-13,-24
28,2550,81,-9.5,0,-45,-26.3,38,488,165,-2,0,23,10.3
9,2550,81.5,-28.5,-28.5,-19,-23.75,68,483,165,28,0,30,31.8
32,1572,82,-5.5,0,23,9.3,57,471,165,17,17,-11,6.4
62,1565,82.5,24.5,0,30,24.8,21,321,90,-19,0,-36,-29.4
44,2550,83,6.5,0,-18,-6.4,7,435,94.5,-33,-33,-14,-30.1
9,2550,83.5,-28.5,0,-35,-28.9,31,439,99.225,-9,0,24,6.6
21,2550,84,-16.5,-16.5,12,-2.25,77,452,104.18625,37,0,46,45.2
74,2550,84.5,36.5,0,53,41.1,69,428,109.3955625,29,29,-8,16.3
63,2550,85,25.5,25.5,-11,7.25,24,425,114.8653406,-16,0,-45,-32.1
6,2550,85.5,-31.5,0,-57,-41.1,6,433,120.6086077,-34,-34,-18,-32.8
6,2550,86,-31.5,-31.5,0,-15.75,39,439,126.639038,-1,0,33,15.9
67,1448,86.5,29.5,0,61,42.3,69,403,132.9709899,29,0,30,32.4
78,1418,87,40.5,40.5,11,25.75,60,384,139.6195394,20,20,-9,9.5
16,1443,87.5,-21.5,0,-62,-39.6,18,456,146.6005164,-22,0,-42,-34.2
6,2550,88,-31.5,-31.5,-10,-20.75,14,397,153.9305422,-26,-26,-4,-20.2
73,1368,88.5,35.5,0,67,47.7,66,385,161.6270693,26,0,52,41.6
72,1236,89,34.5,34.5,-1,16.75,70,366,165,30,30,4,23
21,1223,89.5,-16.5,0,-51,-32.1,61,338,165,21,51,-9,13.2
6,2550,90,-31.5,-31.5,-15,-23.25,14,324,90,-26,0,-47,-39.1
62,1298,90.5,24.5,0,56,37.8,5,340,94.5,-35,-35,-9,-29
79,1179,91,41.5,41.5,17,29.25,55,429,99.225,15,0,50,34
78,1389,91.5,40.5,82,-1,23.9,68,334,104.18625,28,28,13,26.1
58,2550,92,20.5,102.5,-20,8.45,68,326,90,28,56,0,22.4
33,2550,92.5,-4.5,0,-25,-14.3,62,326,90,22,78,-6,18
64,2550,93,26.5,0,31,26.1,34,321,90,-6,0,-28,-17.6
82,2550,93.5,44.5,44.5,18,31.25,8,340,94.5,-32,-32,-26,-35.4
81,2550,94,43.5,88,-1,25.7,13,326,90,-27,-59,5,-19.6
72,2550,94.5,34.5,122.5,-9,21.55,65,326,90,25,0,52,41
23,2550,95,-14.5,0,-49,-30.3,78,328,90,38,38,13,33.1
24,2550,95.5,-13.5,-13.5,1,-6.25,22,321,90,-18,0,-56,-38.8
79,2550,96,41.5,0,55,44.1,5,326,90,-35,-35,-17,-33
78,2550,96.5,40.5,40.5,-1,19.75,5,321,90,-35,-70,0,-28
79,1628,97,41.5,82,1,25.3,54,321,90,14,0,49,32.9
80,2550,97.5,42.5,124.5,1,29.95,67,340,94.5,27,27,13,25.4
78,2550,98,40.5,165,-2,31.7,60,357,99.225,20,47,-7,13.2
70,2550,98.5,32.5,197.5,-8,28.75,35,328,90,-5,0,-25,-15.5
36,2550,99,-1.5,0,-34,-17.6,10,334,94.5,-30,-30,-25,-33.5
9,2550,99.5,-28.5,-28.5,-27,-27.75,21,349,99.225,-19,-49,11,-10.8
59,2550,100,21.5,0,50,33.6,73,329,90,33,0,52,45.8
76,2550,100.5,38.5,38.5,17,27.75,79,321,90,39,39,6,30.3
71,1671,101,33.5,72,-5,18.1,66,404,94.5,26,65,-13,15.6
19,2550,101.5,-18.5,0,-52,-33.4,12,329,90,-28,0,-54,-43.8
53,2550,102,15.5,0,34,23.2,5,329,90,-35,-35,-7,-28
76,1388,102.5,38.5,38.5,23,30.75,25,365,94.5,-15,-50,20,-4
72,2550,103,34.5,73,-4,19.1,67,357,99.225,27,0,42,37.2
64,2550,103.5,26.5,99.5,-8,16.55,69,326,90,29,29,2,21.3
64,2550,104,26.5,126,0,23.2,61,328,90,21,50,-8,13.6
62,1261,104.5,24.5,150.5,-2,23.85,31,365,94.5,-9,0,-30,-20.4
54,2550,105,16.5,167,-8,19.3,6,340,99.225,-34,-34,-25,-36.3
36,2550,105.5,-1.5,0,-18,-9.6,31,328,90,-9,0,25,7.1
47,2550,106,9.5,0,11,9.3,72,420,94.5,32,0,41,39.7
76,2550,106.5,38.5,38.5,29,33.75,72,403,99.225,32,32,0,22.4
81,2550,107,43.5,82,5,28.1,36,326,90,-4,0,-36,-20.4
75,2550,107.5,37.5,119.5,-6,23.95,10,334,94.5,-30,-30,-26,-34
63,2550,108,25.5,145,-12,18.7,30,347,99.225,-10,-40,20,0
41,2550,108.5,3.5,0,-22,-9.6,80,425,104.18625,40,0,50,49
30,2550,109,-7.5,0,-11,-8.5,82,425,109.3955625,42,42,2,30.4
65,2494,109.5,27.5,0,35,28.5,36,425,114.8653406,-4,0,-46,-25.4
69,2550,110,31.5,31.5,4,17.75,6,348,120.6086077,-34,-34,-30,-38.8
48,2550,110.5,10.5,42,-21,-2.1,15,447,126.639038,-25,-59,9,-16.4
43,2464,111,5.5,0,-5,-0.3,75,1324,132.9709899,35,0,60,51